PassengerId,Survived,Age,Fare,Family,IsMale,Embarked_C,Embarked_Q,Embarked_S,Location_A,Location_B,Location_C,Location_D,Location_E,Location_F,Location_G,Location_T,Location_U,Pclass_1,Pclass_2,Pclass_3
1,False,22.0,2.1102132003465894,1,True,False,False,True,False,False,False,False,False,False,False,False,True,False,False,True
2,True,38.0,4.2805931204649,1,False,True,False,False,False,False,True,False,False,False,False,False,False,True,False,False
3,True,26.0,2.188856327665703,0,False,False,False,True,False,False,False,False,False,False,False,False,True,False,False,True
4,True,35.0,3.9908341858524357,1,False,False,False,True,False,False,True,False,False,False,False,False,False,True,False,False
5,False,35.0,2.2027647577118348,0,True,False,False,True,False,False,False,False,False,False,False,False,True,False,False,True
6,False,24.0,2.246892662898172,0,True,False,True,False,False,False,False,False,False,False,False,False,True,False,False,True
7,False,54.0,3.967694202798607,0,True,False,False,True,False,False,False,False,True,False,False,False,False,True,False,False
8,False,2.0,3.094445746490024,4,True,False,False,True,False,False,False,False,False,False,False,False,True,False,False,True
9,True,27.0,2.2027647577118348,2,False,False,False,True,False,False,False,False,False,False,False,False,True,False,False,True
10,True,14.0,3.436268471383741,1,False,True,False,False,False,False,False,False,False,False,False,False,True,False,True,False
11,True,4.0,2.2027647577118348,2,False,False,False,True,False,False,False,False,False,False,True,False,False,False,False,True
12,True,58.0,3.3160025355989236,0,False,False,False,True,False,False,True,False,False,False,False,False,False,True,False,False
13,False,20.0,2.2027647577118348,0,True,False,False,True,False,False,False,False,False,False,False,False,True,False,False,True
14,False,39.0,3.4742929367327062,6,True,False,False,True,False,False,False,False,False,False,False,False,True,False,False,True
15,False,14.0,2.180891922715322,0,False,False,False,True,False,False,False,False,False,False,False,False,True,False,False,True
16,True,55.0,2.833213344056216,0,False,False,False,True,False,False,False,False,False,False,False,False,True,False,True,False
17,False,2.0,3.405355391810819,5,True,False,True,False,False,False,False,False,False,False,False,False,True,False,False,True
18,True,29.0,2.639057329615259,0,True,False,False,True,False,False,False,False,False,False,False,False,True,False,True,False
19,False,31.0,2.9444389791664403,1,False,False,False,True,False,False,False,False,False,False,False,False,True,False,False,True
20,True,24.0,2.1071782966514356,0,False,True,False,False,False,False,False,False,False,False,False,False,True,False,False,True
21,False,35.0,3.295836866004329,0,True,False,False,True,False,False,False,False,False,False,False,False,True,False,True,False
22,True,34.0,2.639057329615259,0,True,False,False,True,False,False,False,True,False,False,False,False,False,False,True,False
23,True,15.0,2.2004637699272855,0,False,False,True,False,False,False,False,False,False,False,False,False,True,False,False,True
24,True,28.0,3.597312260588446,0,True,False,False,True,True,False,False,False,False,False,False,False,False,True,False,False
25,False,8.0,3.094445746490024,4,False,False,False,True,False,False,False,False,False,False,False,False,True,False,False,True
26,True,38.0,3.4777725458882283,6,False,False,False,True,False,False,False,False,False,False,False,False,True,False,False,True
27,False,24.0,2.1071782966514356,0,True,True,False,False,False,False,False,False,False,False,False,False,True,False,False,True
28,False,19.0,5.575949103146316,5,True,False,False,True,False,False,True,False,False,False,False,False,False,True,False,False
29,True,24.0,2.1837114628556327,0,False,False,True,False,False,False,False,False,False,False,False,False,True,False,False,True
30,False,24.0,2.1855792552411137,0,True,False,False,True,False,False,False,False,False,False,False,False,True,False,False,True
31,False,40.0,3.357621598945279,0,True,True,False,False,False,False,False,False,False,False,False,False,True,True,False,False
32,True,37.0,4.993969182787072,1,False,True,False,False,False,True,False,False,False,False,False,False,False,True,False,False
33,True,24.0,2.169053700369523,0,False,False,True,False,False,False,False,False,False,False,False,False,True,False,False,True
34,False,66.0,2.4423470353692043,0,True,False,False,True,False,False,False,False,False,False,False,False,True,False,True,False
35,False,28.0,4.115575906977352,1,True,True,False,False,False,False,False,False,False,False,False,False,True,True,False,False
36,False,42.0,3.970291913552122,1,True,False,False,True,False,False,False,False,False,False,False,False,True,True,False,False
37,True,24.0,2.1076888046179385,0,True,True,False,False,False,False,False,False,False,False,False,False,True,False,False,True
38,False,21.0,2.2027647577118348,0,True,False,False,True,False,False,False,False,False,False,False,False,True,False,False,True
39,False,18.0,2.9444389791664403,2,False,False,False,True,False,False,False,False,False,False,False,False,True,False,False,True
40,True,14.0,2.5048481563289,1,False,True,False,False,False,False,False,False,False,False,False,False,True,False,False,True
41,False,40.0,2.3489914658082016,1,False,False,False,True,False,False,False,False,False,False,False,False,True,False,False,True
42,False,27.0,3.091042453358316,1,False,False,False,True,False,False,False,False,False,False,False,False,True,False,True,False
43,False,24.0,2.1855792552411137,0,True,True,False,False,False,False,False,False,False,False,False,False,True,False,False,True
44,True,3.0,3.7513658711253766,3,False,True,False,False,False,False,False,False,False,False,False,False,True,False,True,False
45,True,19.0,2.1837114628556327,0,False,False,True,False,False,False,False,False,False,False,False,False,True,False,False,True
46,False,24.0,2.2027647577118348,0,True,False,False,True,False,False,False,False,False,False,False,False,True,False,False,True
47,False,24.0,2.803360380906535,1,True,False,True,False,False,False,False,False,False,False,False,False,True,False,False,True
48,True,24.0,2.169053700369523,0,False,False,True,False,False,False,False,False,False,False,False,False,True,False,False,True
49,False,24.0,3.121448204868825,2,True,True,False,False,False,False,False,False,False,False,False,False,True,False,False,True
50,False,18.0,2.9338568698359033,1,False,False,False,True,False,False,False,False,False,False,False,False,True,False,False,True
51,False,7.0,3.705920919968788,5,True,False,False,True,False,False,False,False,False,False,False,False,True,False,False,True
52,False,21.0,2.174751721484161,0,True,False,False,True,False,False,False,False,False,False,False,False,True,False,False,True
53,True,49.0,4.353230991152628,1,False,True,False,False,False,False,False,True,False,False,False,False,False,True,False,False
54,True,29.0,3.295836866004329,1,False,False,False,True,False,False,False,False,False,False,False,False,True,False,True,False
55,False,65.0,4.142804513146981,1,True,True,False,False,False,True,False,False,False,False,False,False,False,True,False,False
56,True,37.0,3.597312260588446,0,True,False,False,True,False,False,True,False,False,False,False,False,False,True,False,False
57,True,21.0,2.4423470353692043,0,False,False,False,True,False,False,False,False,False,False,False,False,True,False,True,False
58,False,28.5,2.1076888046179385,0,True,True,False,False,False,False,False,False,False,False,False,False,True,False,False,True
59,True,5.0,3.3586377672433594,3,False,False,False,True,False,False,False,False,False,False,False,False,True,False,True,False
60,False,11.0,3.8691155044168695,7,True,False,False,True,False,False,False,False,False,False,False,False,True,False,False,True
61,False,22.0,2.2027647577118348,0,True,True,False,False,False,False,False,False,False,False,False,False,True,False,False,True
62,True,38.0,4.394449154672439,0,False,True,False,False,False,True,False,False,False,False,False,False,False,True,False,False
63,False,45.0,4.436455632600354,1,True,False,False,True,False,False,True,False,False,False,False,False,False,True,False,False
64,False,4.0,3.3638415951183864,5,True,False,False,True,False,False,False,False,False,False,False,False,True,False,False,True
65,False,37.0,3.357621598945279,0,True,True,False,False,False,False,False,False,False,False,False,False,True,True,False,False
66,True,24.0,2.7878344138303452,2,True,True,False,False,False,False,False,False,False,False,False,False,True,False,False,True
67,True,29.0,2.4423470353692043,0,False,False,False,True,False,False,False,False,False,True,False,False,False,False,True,False
68,False,19.0,2.2146605719425225,0,True,False,False,True,False,False,False,False,False,False,False,False,True,False,False,True
69,True,17.0,2.188856327665703,6,False,False,False,True,False,False,False,False,False,False,False,False,True,False,False,True
70,False,26.0,2.2682524139135403,2,True,False,False,True,False,False,False,False,False,False,False,False,True,False,False,True
71,False,32.0,2.4423470353692043,0,True,False,False,True,False,False,False,False,False,False,False,False,True,False,True,False
72,False,16.0,3.8691155044168695,7,False,False,False,True,False,False,False,False,False,False,False,False,True,False,False,True
73,False,21.0,4.310799125385514,0,True,False,False,True,False,False,False,False,False,False,False,False,True,False,True,False
74,False,26.0,2.737880811060884,1,True,True,False,False,False,False,False,False,False,False,False,False,True,False,False,True
75,True,32.0,4.051711901657239,0,True,False,False,True,False,False,False,False,False,False,False,False,True,False,False,True
76,False,25.0,2.157559320943788,0,True,False,False,True,False,False,False,False,False,True,False,False,False,False,False,True
77,False,24.0,2.1855792552411137,0,True,False,False,True,False,False,False,False,False,False,False,False,True,False,False,True
78,False,24.0,2.2027647577118348,0,True,False,False,True,False,False,False,False,False,False,False,False,True,False,False,True
79,True,0.83,3.4011973816621555,2,True,False,False,True,False,False,False,False,False,False,False,False,True,False,True,False
80,True,30.0,2.600836116795061,0,False,False,False,True,False,False,False,False,False,False,False,False,True,False,False,True
81,False,22.0,2.302585092994046,0,True,False,False,True,False,False,False,False,False,False,False,False,True,False,False,True
82,True,29.0,2.3513752571634776,0,True,False,False,True,False,False,False,False,False,False,False,False,True,False,False,True
83,True,24.0,2.1733302571367834,0,False,False,True,False,False,False,False,False,False,False,False,False,True,False,False,True
84,False,28.0,3.8732821771117156,0,True,False,False,True,False,False,False,False,False,False,False,False,True,True,False,False
85,True,17.0,2.4423470353692043,0,False,False,False,True,False,False,False,False,False,False,False,False,True,False,True,False
86,True,33.0,2.8243506567983707,3,False,False,False,True,False,False,False,False,False,False,False,False,True,False,False,True
87,False,16.0,3.5660053559634015,4,True,False,False,True,False,False,False,False,False,False,False,False,True,False,False,True
88,False,24.0,2.2027647577118348,0,True,False,False,True,False,False,False,False,False,False,False,False,True,False,False,True
89,True,23.0,5.575949103146316,5,False,False,False,True,False,False,True,False,False,False,False,False,False,True,False,False
90,False,24.0,2.2027647577118348,0,True,False,False,True,False,False,False,False,False,False,False,False,True,False,False,True
91,False,29.0,2.2027647577118348,0,True,False,False,True,False,False,False,False,False,False,False,False,True,False,False,True
92,False,20.0,2.180891922715322,0,True,False,False,True,False,False,False,False,False,False,False,False,True,False,False,True
93,False,46.0,4.1299529896894684,1,True,False,False,True,False,False,False,False,True,False,False,False,False,True,False,False
94,False,26.0,3.0715352369694915,3,True,False,False,True,False,False,False,False,False,False,False,False,True,False,False,True
95,False,59.0,2.1102132003465894,0,True,False,False,True,False,False,False,False,False,False,False,False,True,False,False,True
96,False,24.0,2.2027647577118348,0,True,False,False,True,False,False,False,False,False,False,False,False,True,False,False,True
97,False,71.0,3.57386695198272,0,True,True,False,False,True,False,False,False,False,False,False,False,False,True,False,False
98,True,23.0,4.164465907853638,1,True,True,False,False,False,False,False,True,False,False,False,False,False,True,False,False
99,True,34.0,3.1780538303479458,1,False,False,False,True,False,False,False,False,False,False,False,False,True,False,True,False
100,False,34.0,3.295836866004329,1,True,False,False,True,False,False,False,False,False,False,False,False,True,False,True,False
101,False,28.0,2.1855792552411137,0,False,False,False,True,False,False,False,False,False,False,False,False,True,False,False,True
102,False,24.0,2.2027647577118348,0,True,False,False,True,False,False,False,False,False,False,False,False,True,False,False,True
103,False,21.0,4.360387947851531,1,True,False,False,True,False,False,False,True,False,False,False,False,False,True,False,False
104,False,33.0,2.267393053825037,0,True,False,False,True,False,False,False,False,False,False,False,False,True,False,False,True
105,False,37.0,2.188856327665703,2,True,False,False,True,False,False,False,False,False,False,False,False,True,False,False,True
106,False,28.0,2.1855792552411137,0,True,False,False,True,False,False,False,False,False,False,False,False,True,False,False,True
107,True,21.0,2.157559320943788,0,False,False,False,True,False,False,False,False,False,False,False,False,True,False,False,True
108,True,24.0,2.1719067693519296,0,True,False,False,True,False,False,False,False,False,False,False,False,True,False,False,True
109,False,38.0,2.1855792552411137,0,True,False,False,True,False,False,False,False,False,False,False,False,True,False,False,True
110,True,24.0,3.224857896545748,1,False,False,True,False,False,False,False,False,False,False,False,False,True,False,False,True
111,False,47.0,4.115575906977352,0,True,False,False,True,False,False,True,False,False,False,False,False,False,True,False,False
112,False,14.5,2.737880811060884,1,False,True,False,False,False,False,False,False,False,False,False,False,True,False,False,True
113,False,22.0,2.2027647577118348,0,True,False,False,True,False,False,False,False,False,False,False,False,True,False,False,True
114,False,20.0,2.3818582738885534,1,False,False,False,True,False,False,False,False,False,False,False,False,True,False,False,True
115,False,17.0,2.738146075922933,0,False,True,False,False,False,False,False,False,False,False,False,False,True,False,False,True
116,False,21.0,2.2027647577118348,0,True,False,False,True,False,False,False,False,False,False,False,False,True,False,False,True
117,False,70.5,2.169053700369523,0,True,False,True,False,False,False,False,False,False,False,False,False,True,False,False,True
118,False,29.0,3.091042453358316,1,True,False,False,True,False,False,False,False,False,False,False,False,True,False,True,False
119,False,24.0,5.515526544247129,1,True,True,False,False,False,True,False,False,False,False,False,False,False,True,False,False
120,False,2.0,3.4742929367327062,6,False,False,False,True,False,False,False,False,False,False,False,False,True,False,False,True
121,False,21.0,4.310799125385514,2,True,False,False,True,False,False,False,False,False,False,False,False,True,False,True,False
122,False,24.0,2.2027647577118348,0,True,False,False,True,False,False,False,False,False,False,False,False,True,False,False,True
123,False,32.5,3.436268471383741,1,True,True,False,False,False,False,False,False,False,False,False,False,True,False,True,False
124,True,32.5,2.639057329615259,0,False,False,False,True,False,False,False,False,True,False,False,False,False,False,True,False
125,False,54.0,4.360387947851531,1,True,False,False,True,False,False,False,True,False,False,False,False,False,True,False,False
126,True,12.0,2.5048481563289,1,True,True,False,False,False,False,False,False,False,False,False,False,True,False,False,True
127,False,24.0,2.169053700369523,0,True,False,True,False,False,False,False,False,False,False,False,False,True,False,False,True
128,True,24.0,2.0969990034181696,0,True,False,False,True,False,False,False,False,False,False,False,False,True,False,False,True
129,True,24.0,3.1509523813392697,2,False,True,False,False,False,False,False,False,False,True,False,False,False,False,False,True
130,False,45.0,2.076311648670908,0,True,False,False,True,False,False,False,False,False,False,False,False,True,False,False,True
131,False,33.0,2.2027647577118348,0,True,True,False,False,False,False,False,False,False,False,False,False,True,False,False,True
132,False,20.0,2.085672091430472,0,True,False,False,True,False,False,False,False,False,False,False,False,True,False,False,True
133,False,47.0,2.2027647577118348,1,False,False,False,True,False,False,False,False,False,False,False,False,True,False,False,True
134,True,29.0,3.295836866004329,1,False,False,False,True,False,False,False,False,False,False,False,False,True,False,True,False
135,False,25.0,2.639057329615259,0,True,False,False,True,False,False,False,False,False,False,False,False,True,False,True,False
136,False,23.0,2.775447133088262,0,True,True,False,False,False,False,False,False,False,False,False,False,True,False,True,False
137,True,19.0,3.3062747934011893,2,False,False,False,True,False,False,False,True,False,False,False,False,False,True,False,False
138,False,37.0,3.9908341858524357,1,True,False,False,True,False,False,True,False,False,False,False,False,False,True,False,False
139,False,16.0,2.2027647577118348,0,True,False,False,True,False,False,False,False,False,False,False,False,True,False,False,True
140,False,24.0,4.115575906977352,0,True,True,False,False,False,True,False,False,False,False,False,False,False,True,False,False
141,False,24.0,2.7878344138303452,2,False,True,False,False,False,False,False,False,False,False,False,False,True,False,False,True
142,True,22.0,2.169053700369523,0,False,False,False,True,False,False,False,False,False,False,False,False,True,False,False,True
143,True,24.0,2.8243506567983707,1,False,False,False,True,False,False,False,False,False,False,False,False,True,False,False,True
144,False,19.0,2.0476928433652555,0,True,False,True,False,False,False,False,False,False,False,False,False,True,False,False,True
145,False,18.0,2.70805020110221,0,True,False,False,True,False,False,False,False,False,False,False,False,True,False,True,False
146,False,19.0,3.6309854756950335,2,True,False,False,True,False,False,False,False,False,False,False,False,True,False,True,False
147,True,27.0,2.174274334826008,0,True,False,False,True,False,False,False,False,False,False,False,False,True,False,False,True
148,False,9.0,3.5660053559634015,4,False,False,False,True,False,False,False,False,False,False,False,False,True,False,False,True
149,False,36.5,3.295836866004329,2,True,False,False,True,False,False,False,False,False,True,False,False,False,False,True,False
150,False,42.0,2.639057329615259,0,True,False,False,True,False,False,False,False,False,False,False,False,True,False,True,False
151,False,51.0,2.6045398247325453,0,True,False,False,True,False,False,False,False,False,False,False,False,True,False,True,False
152,True,22.0,4.115575906977352,1,False,False,False,True,False,False,True,False,False,False,False,False,False,True,False,False
153,False,55.5,2.2027647577118348,0,True,False,False,True,False,False,False,False,False,False,False,False,True,False,False,True
154,False,40.5,2.740840023925201,2,True,False,False,True,False,False,False,False,False,False,False,False,True,False,False,True
155,False,24.0,2.1177604059819726,0,True,False,False,True,False,False,False,False,False,False,False,False,True,False,False,True
156,False,51.0,4.115575906977352,1,True,True,False,False,False,False,False,False,False,False,False,False,True,True,False,False
157,True,16.0,2.167143305297764,0,False,False,True,False,False,False,False,False,False,False,False,False,True,False,False,True
158,False,30.0,2.2027647577118348,0,True,False,False,True,False,False,False,False,False,False,False,False,True,False,False,True
159,False,24.0,2.2682524139135403,0,True,False,False,True,False,False,False,False,False,False,False,False,True,False,False,True
160,False,24.0,4.256321678298823,10,True,False,False,True,False,False,False,False,False,False,False,False,True,False,False,True
161,False,44.0,2.8390784635086144,1,True,False,False,True,False,False,False,False,False,False,False,False,True,False,False,True
162,True,40.0,2.8183982582710754,0,False,False,False,True,False,False,False,False,False,False,False,False,True,False,True,False
163,False,26.0,2.1719067693519296,0,True,False,False,True,False,False,False,False,False,False,False,False,True,False,False,True
164,False,17.0,2.2682524139135403,0,True,False,False,True,False,False,False,False,False,False,False,False,True,False,False,True
165,False,1.0,3.705920919968788,5,True,False,False,True,False,False,False,False,False,False,False,False,True,False,False,True
166,True,9.0,3.0692150503137943,2,True,False,False,True,False,False,False,False,False,False,False,False,True,False,False,True
167,True,37.0,4.02535169073515,1,False,False,False,True,False,False,False,False,True,False,False,False,False,True,False,False
168,False,45.0,3.3638415951183864,5,False,False,False,True,False,False,False,False,False,False,False,False,True,False,False,True
169,False,37.0,3.2930552230424524,0,True,False,False,True,False,False,False,False,False,False,False,False,True,True,False,False
170,False,28.0,4.051711901657239,0,True,False,False,True,False,False,False,False,False,False,False,False,True,False,False,True
171,False,61.0,3.5409593240373143,0,True,False,False,True,False,True,False,False,False,False,False,False,False,True,False,False
172,False,4.0,3.405355391810819,5,True,False,True,False,False,False,False,False,False,False,False,False,True,False,False,True
173,True,1.0,2.4959537387180646,2,False,False,False,True,False,False,False,False,False,False,False,False,True,False,False,True
174,False,21.0,2.188856327665703,0,True,False,False,True,False,False,False,False,False,False,False,False,True,False,False,True
175,False,56.0,3.4561841799918147,0,True,True,False,False,True,False,False,False,False,False,False,False,False,True,False,False
176,False,18.0,2.180891922715322,2,True,False,False,True,False,False,False,False,False,False,False,False,True,False,False,True
177,False,24.0,3.275887339030031,4,True,False,False,True,False,False,False,False,False,False,False,False,True,False,False,True
178,False,50.0,3.391567832686312,0,False,True,False,False,False,False,True,False,False,False,False,False,False,True,False,False
179,False,30.0,2.70805020110221,0,True,False,False,True,False,False,False,False,False,False,False,False,True,False,True,False
180,False,36.0,0.0,0,True,False,False,True,False,False,False,False,False,False,False,False,True,False,False,True
181,False,24.0,4.256321678298823,10,False,False,False,True,False,False,False,False,False,False,False,False,True,False,False,True
182,False,29.0,2.775708849576025,0,True,True,False,False,False,False,False,False,False,False,False,False,True,False,True,False
183,False,9.0,3.4777725458882283,6,True,False,False,True,False,False,False,False,False,False,False,False,True,False,False,True
184,True,1.0,3.6888794541139363,3,True,False,False,True,False,False,False,False,False,True,False,False,False,False,True,False
185,True,4.0,3.1365805821413706,2,False,False,False,True,False,False,False,False,False,False,False,False,True,False,False,True
186,False,37.0,3.9318256327243257,0,True,False,False,True,True,False,False,False,False,False,False,False,False,True,False,False
187,True,24.0,2.2027647577118348,1,False,False,True,False,False,False,False,False,False,False,False,False,True,False,False,True
188,True,45.0,3.3160025355989236,0,True,False,False,True,False,False,False,False,False,False,False,False,True,True,False,False
189,False,40.0,2.803360380906535,2,True,False,True,False,False,False,False,False,False,False,False,False,True,False,False,True
190,False,36.0,2.1855792552411137,0,True,False,False,True,False,False,False,False,False,False,False,False,True,False,False,True
191,True,32.0,2.639057329615259,0,False,False,False,True,False,False,False,False,False,False,False,False,True,False,True,False
192,False,19.0,2.639057329615259,0,True,False,False,True,False,False,False,False,False,False,False,False,True,False,True,False
193,True,19.0,2.180891922715322,1,False,False,False,True,False,False,False,False,False,False,False,False,True,False,False,True
194,True,3.0,3.295836866004329,2,True,False,False,True,False,False,False,False,False,True,False,False,False,False,True,False
195,True,44.0,4.115575906977352,0,False,True,False,False,False,True,False,False,False,False,False,False,False,True,False,False
196,True,58.0,4.993969182787072,0,False,True,False,False,False,True,False,False,False,False,False,False,False,True,False,False
197,False,24.0,2.169053700369523,0,True,False,True,False,False,False,False,False,False,False,False,False,True,False,False,True
198,False,42.0,2.2027647577118348,1,True,False,False,True,False,False,False,False,False,False,False,False,True,False,False,True
199,True,24.0,2.169053700369523,0,False,False,True,False,False,False,False,False,False,False,False,False,True,False,False,True
200,False,24.0,2.639057329615259,0,False,False,False,True,False,False,False,False,False,False,False,False,True,False,True,False
201,False,28.0,2.3513752571634776,0,True,False,False,True,False,False,False,False,False,False,False,False,True,False,False,True
202,False,24.0,4.256321678298823,10,True,False,False,True,False,False,False,False,False,False,False,False,True,False,False,True
203,False,34.0,2.0143428636837015,0,True,False,False,True,False,False,False,False,False,False,False,False,True,False,False,True
204,False,45.5,2.1071782966514356,0,True,True,False,False,False,False,False,False,False,False,False,False,True,False,False,True
205,True,18.0,2.2027647577118348,0,True,False,False,True,False,False,False,False,False,False,False,False,True,False,False,True
206,False,2.0,2.2027647577118348,1,False,False,False,True,False,False,False,False,False,False,True,False,False,False,False,True
207,False,32.0,2.8243506567983707,1,True,False,False,True,False,False,False,False,False,False,False,False,True,False,False,True
208,True,26.0,2.9850504252071306,0,True,True,False,False,False,False,False,False,False,False,False,False,True,False,False,True
209,True,16.0,2.2027647577118348,0,False,False,True,False,False,False,False,False,False,False,False,False,True,False,False,True
210,True,40.0,3.4657359027997265,0,True,True,False,False,True,False,False,False,False,False,False,False,False,True,False,False
211,False,24.0,2.085672091430472,0,True,False,False,True,False,False,False,False,False,False,False,False,True,False,False,True
212,True,35.0,3.091042453358316,0,False,False,False,True,False,False,False,False,False,False,False,False,True,False,True,False
213,False,22.0,2.1102132003465894,0,True,False,False,True,False,False,False,False,False,False,False,False,True,False,False,True
214,False,30.0,2.639057329615259,0,True,False,False,True,False,False,False,False,False,False,False,False,True,False,True,False
215,False,24.0,2.169053700369523,1,True,False,True,False,False,False,False,False,False,False,False,False,True,False,False,True
216,True,31.0,4.738607824217808,1,False,True,False,False,False,False,False,True,False,False,False,False,False,True,False,False
217,True,27.0,2.188856327665703,0,False,False,False,True,False,False,False,False,False,False,False,False,True,False,False,True
218,False,42.0,3.332204510175204,1,True,False,False,True,False,False,False,False,False,False,False,False,True,False,True,False
219,True,32.0,4.347586575960343,0,False,True,False,False,False,False,False,True,False,False,False,False,False,True,False,False
220,False,30.0,2.4423470353692043,0,True,False,False,True,False,False,False,False,False,False,False,False,True,False,True,False
221,True,16.0,2.2027647577118348,0,True,False,False,True,False,False,False,False,False,False,False,False,True,False,False,True
222,False,27.0,2.70805020110221,0,True,False,False,True,False,False,False,False,False,False,False,False,True,False,True,False
223,False,51.0,2.2027647577118348,0,True,False,False,True,False,False,False,False,False,False,False,False,True,False,False,True
224,False,24.0,2.1855792552411137,0,True,False,False,True,False,False,False,False,False,False,False,False,True,False,False,True
225,True,38.0,4.51085950651685,1,True,False,False,True,False,False,True,False,False,False,False,False,False,True,False,False
226,False,22.0,2.336986519711378,0,True,False,False,True,False,False,False,False,False,False,False,False,True,False,False,True
227,True,19.0,2.4423470353692043,0,True,False,False,True,False,False,False,False,False,False,False,False,True,False,True,False
228,False,20.5,2.1102132003465894,0,True,False,False,True,False,False,False,False,False,False,False,False,True,False,False,True
229,False,18.0,2.639057329615259,0,True,False,False,True,False,False,False,False,False,False,False,False,True,False,True,False
230,False,24.0,3.275887339030031,4,False,False,False,True,False,False,False,False,False,False,False,False,True,False,False,True
231,True,35.0,4.436455632600354,1,False,False,False,True,False,False,True,False,False,False,False,False,False,True,False,False
232,False,29.0,2.1719067693519296,0,True,False,False,True,False,False,False,False,False,False,False,False,True,False,False,True
233,False,59.0,2.6741486494265287,0,True,False,False,True,False,False,False,False,False,False,False,False,True,False,True,False
234,True,5.0,3.4777725458882283,6,False,False,False,True,False,False,False,False,False,False,False,False,True,False,False,True
235,False,24.0,2.4423470353692043,0,True,False,False,True,False,False,False,False,False,False,False,False,True,False,True,False
236,False,24.0,2.145931282948669,0,False,False,False,True,False,False,False,False,False,False,False,False,True,False,False,True
237,False,44.0,3.295836866004329,1,True,False,False,True,False,False,False,False,False,False,False,False,True,False,True,False
238,True,8.0,3.305053521109253,2,False,False,False,True,False,False,False,False,False,False,False,False,True,False,True,False
239,False,19.0,2.4423470353692043,0,True,False,False,True,False,False,False,False,False,False,False,False,True,False,True,False
240,False,33.0,2.5858825671280026,0,True,False,False,True,False,False,False,False,False,False,False,False,True,False,True,False
241,False,24.0,2.737880811060884,1,False,True,False,False,False,False,False,False,False,False,False,False,True,False,False,True
242,True,24.0,2.803360380906535,1,False,False,True,False,False,False,False,False,False,False,False,False,True,False,False,True
243,False,29.0,2.4423470353692043,0,True,False,False,True,False,False,False,False,False,False,False,False,True,False,True,False
244,False,22.0,2.094945728215801,0,True,False,False,True,False,False,False,False,False,False,False,False,True,False,False,True
245,False,30.0,2.1071782966514356,0,True,True,False,False,False,False,False,False,False,False,False,False,True,False,False,True
246,False,44.0,4.51085950651685,2,True,False,True,False,False,False,True,False,False,False,False,False,False,True,False,False
247,False,25.0,2.1719067693519296,0,False,False,False,True,False,False,False,False,False,False,False,False,True,False,False,True
248,True,24.0,2.740840023925201,2,False,False,False,True,False,False,False,False,False,False,False,False,True,False,True,False
249,True,37.0,3.9806942251907276,2,True,False,False,True,False,False,False,True,False,False,False,False,False,True,False,False
250,False,54.0,2.70805020110221,1,True,False,False,True,False,False,False,False,False,False,False,False,True,False,True,False
251,False,24.0,2.2027647577118348,0,True,False,False,True,False,False,False,False,False,False,False,False,True,False,False,True
252,False,29.0,2.4390808375825834,2,False,False,False,True,False,False,False,False,False,False,True,False,False,False,False,True
253,False,62.0,3.3160025355989236,0,True,False,False,True,False,False,True,False,False,False,False,False,False,True,False,False
254,False,30.0,2.8390784635086144,1,True,False,False,True,False,False,False,False,False,False,False,False,True,False,False,True
255,False,41.0,3.0545906305603445,2,False,False,False,True,False,False,False,False,False,False,False,False,True,False,False,True
256,True,29.0,2.7878344138303452,2,False,True,False,False,False,False,False,False,False,False,False,False,True,False,False,True
257,True,37.0,4.384523514872469,0,False,True,False,False,False,False,False,False,False,False,False,False,True,True,False,False
258,True,30.0,4.115575906977352,0,False,False,False,True,False,True,False,False,False,False,False,False,False,True,False,False
259,True,35.0,6.240917354759096,0,False,True,False,False,False,False,False,False,False,False,False,False,True,True,False,False
260,True,50.0,3.295836866004329,1,False,False,False,True,False,False,False,False,False,False,False,False,True,False,True,False
261,False,24.0,2.169053700369523,0,True,False,True,False,False,False,False,False,False,False,False,False,True,False,False,True
262,True,3.0,3.4777725458882283,6,True,False,False,True,False,False,False,False,False,False,False,False,True,False,False,True
263,False,52.0,4.390118804571218,2,True,False,False,True,False,False,False,False,True,False,False,False,False,True,False,False
264,False,40.0,4.115575906977352,0,True,False,False,True,False,True,False,False,False,False,False,False,False,True,False,False
265,False,24.0,2.169053700369523,0,False,False,True,False,False,False,False,False,False,False,False,False,True,False,False,True
266,False,36.0,2.4423470353692043,0,True,False,False,True,False,False,False,False,False,False,False,False,True,False,True,False
267,False,16.0,3.705920919968788,5,True,False,False,True,False,False,False,False,False,False,False,False,True,False,False,True
268,True,25.0,2.1719067693519296,1,True,False,False,True,False,False,False,False,False,False,False,False,True,False,False,True
269,True,58.0,5.039951348430309,1,False,False,False,True,False,False,True,False,False,False,False,False,False,True,False,False
270,True,35.0,4.91730069488021,0,False,False,False,True,False,False,True,False,False,False,False,False,False,True,False,False
271,False,37.0,4.115575906977352,0,True,False,False,True,False,False,False,False,False,False,False,False,True,True,False,False
272,True,25.0,0.0,0,True,False,False,True,False,False,False,False,False,False,False,False,True,False,False,True
273,True,41.0,3.0204248861443626,1,False,False,False,True,False,False,False,False,False,False,False,False,True,False,True,False
274,False,37.0,3.4242626545931514,1,True,True,False,False,False,False,True,False,False,False,False,False,False,True,False,False
275,True,24.0,2.169053700369523,0,False,False,True,False,False,False,False,False,False,False,False,False,True,False,False,True
276,True,63.0,4.368919865004903,1,False,False,False,True,False,False,False,True,False,False,False,False,False,True,False,False
277,False,45.0,2.169053700369523,0,False,False,False,True,False,False,False,False,False,False,False,False,True,False,False,True
278,False,29.0,0.0,0,True,False,False,True,False,False,False,False,False,False,False,False,True,False,True,False
279,False,7.0,3.405355391810819,5,True,False,True,False,False,False,False,False,False,False,False,False,True,False,False,True
280,True,35.0,3.056356895370426,2,False,False,False,True,False,False,False,False,False,False,False,False,True,False,False,True
281,False,65.0,2.169053700369523,0,True,False,True,False,False,False,False,False,False,False,False,False,True,False,False,True
282,False,28.0,2.180891922715322,0,True,False,False,True,False,False,False,False,False,False,False,False,True,False,False,True
283,False,16.0,2.3513752571634776,0,True,False,False,True,False,False,False,False,False,False,False,False,True,False,False,True
284,True,19.0,2.2027647577118348,0,True,False,False,True,False,False,False,False,False,False,False,False,True,False,False,True
285,False,37.0,3.295836866004329,0,True,False,False,True,True,False,False,False,False,False,False,False,False,True,False,False
286,False,33.0,2.2682524139135403,0,True,True,False,False,False,False,False,False,False,False,False,False,True,False,False,True
287,True,30.0,2.3513752571634776,0,True,False,False,True,False,False,False,False,False,False,False,False,True,False,False,True
288,False,22.0,2.1855792552411137,0,True,False,False,True,False,False,False,False,False,False,False,False,True,False,False,True
289,True,42.0,2.639057329615259,0,True,False,False,True,False,False,False,False,False,False,False,False,True,False,True,False
290,True,22.0,2.169053700369523,0,False,False,True,False,False,False,False,False,False,False,False,False,True,False,False,True
291,True,26.0,4.380149874661021,0,False,False,False,True,False,False,False,False,False,False,False,False,True,True,False,False
292,True,19.0,4.5226490762785785,1,False,True,False,False,False,True,False,False,False,False,False,False,False,True,False,False
293,False,36.0,2.630088659632498,0,True,True,False,False,False,False,False,True,False,False,False,False,False,False,True,False
294,False,24.0,2.2874714551839976,0,False,False,False,True,False,False,False,False,False,False,False,False,True,False,False,True
295,False,24.0,2.1855792552411137,0,True,False,False,True,False,False,False,False,False,False,False,False,True,False,False,True
296,False,37.0,3.357621598945279,0,True,True,False,False,False,False,False,False,False,False,False,False,True,True,False,False
297,False,23.5,2.1076888046179385,0,True,True,False,False,False,False,False,False,False,False,False,False,True,False,False,True
298,False,2.0,5.027492411162679,3,False,False,False,True,False,False,True,False,False,False,False,False,False,True,False,False
299,True,37.0,3.449987545831587,0,True,False,False,True,False,False,True,False,False,False,False,False,False,True,False,False
300,True,50.0,5.515526544247129,1,False,True,False,False,False,True,False,False,False,False,False,False,False,True,False,False
301,True,24.0,2.169053700369523,0,False,False,True,False,False,False,False,False,False,False,False,False,True,False,False,True
302,True,24.0,3.188416617383492,2,True,False,True,False,False,False,False,False,False,False,False,False,True,False,False,True
303,False,19.0,0.0,0,True,False,False,True,False,False,False,False,False,False,False,False,True,False,False,True
304,True,29.0,2.70805020110221,0,False,False,True,False,False,False,False,False,True,False,False,False,False,False,True,False
305,False,24.0,2.2027647577118348,0,True,False,False,True,False,False,False,False,False,False,False,False,True,False,False,True
306,True,0.92,5.027492411162679,3,True,False,False,True,False,False,True,False,False,False,False,False,False,True,False,False
307,True,37.0,4.717456363787216,0,False,True,False,False,False,False,False,False,False,False,False,False,True,True,False,False
308,True,17.0,4.699570861409576,1,False,True,False,False,False,False,True,False,False,False,False,False,False,True,False,False
309,False,30.0,3.2188758248682006,1,True,True,False,False,False,False,False,False,False,False,False,False,True,False,True,False
310,True,30.0,4.0592215752427645,0,False,True,False,False,False,False,False,False,True,False,False,False,False,True,False,False
311,True,24.0,4.432699549165613,0,False,True,False,False,False,False,True,False,False,False,False,False,False,True,False,False
312,True,18.0,5.5735788721243535,4,False,True,False,False,False,True,False,False,False,False,False,False,False,True,False,False
313,False,26.0,3.295836866004329,2,False,False,False,True,False,False,False,False,False,False,False,False,True,False,True,False
314,False,28.0,2.1855792552411137,0,True,False,False,True,False,False,False,False,False,False,False,False,True,False,False,True
315,False,43.0,3.305053521109253,2,True,False,False,True,False,False,False,False,False,False,False,False,True,False,True,False
316,True,26.0,2.2027647577118348,0,False,False,False,True,False,False,False,False,False,False,False,False,True,False,False,True
317,True,24.0,3.295836866004329,1,False,False,False,True,False,False,False,False,False,False,False,False,True,False,True,False
318,False,54.0,2.70805020110221,0,True,False,False,True,False,False,False,False,False,False,False,False,True,False,True,False
319,True,31.0,5.11118445372147,2,False,False,False,True,False,False,True,False,False,False,False,False,False,True,False,False
320,True,40.0,4.908971640319756,2,False,True,False,False,False,False,False,False,True,False,False,False,False,True,False,False
321,False,22.0,2.1102132003465894,0,True,False,False,True,False,False,False,False,False,False,False,False,True,False,False,True
322,False,27.0,2.1855792552411137,0,True,False,False,True,False,False,False,False,False,False,False,False,True,False,False,True
323,True,30.0,2.5915163848462583,0,False,False,True,False,False,False,False,False,False,False,False,False,True,False,True,False
324,True,22.0,3.4011973816621555,2,False,False,False,True,False,False,False,False,False,False,False,False,True,False,True,False
325,False,24.0,4.256321678298823,10,True,False,False,True,False,False,False,False,False,False,False,False,True,False,False,True
326,True,36.0,4.91730069488021,0,False,True,False,False,False,False,True,False,False,False,False,False,False,True,False,False
327,False,61.0,1.9792758428991135,0,True,False,False,True,False,False,False,False,False,False,False,False,True,False,False,True
328,True,36.0,2.639057329615259,0,False,False,False,True,False,False,False,True,False,False,False,False,False,False,True,False
329,True,31.0,2.2027647577118348,2,False,False,False,True,False,False,False,False,False,False,False,False,True,False,False,True
330,True,16.0,4.077184839375167,1,False,True,False,False,False,True,False,False,False,False,False,False,False,True,False,False
331,True,24.0,3.188416617383492,2,False,False,True,False,False,False,False,False,False,False,False,False,True,False,False,True
332,False,45.5,3.3843902633457743,0,True,False,False,True,False,False,True,False,False,False,False,False,False,True,False,False
333,False,38.0,5.039951348430309,1,True,False,False,True,False,False,True,False,False,False,False,False,False,True,False,False
334,False,16.0,2.9444389791664403,2,True,False,False,True,False,False,False,False,False,False,False,False,True,False,False,True
335,True,37.0,4.902678819257608,1,False,False,False,True,False,False,False,False,False,False,False,False,True,True,False,False
336,False,24.0,2.1855792552411137,0,True,False,False,True,False,False,False,False,False,False,False,False,True,False,False,True
337,False,29.0,4.213607983048918,1,True,False,False,True,False,False,True,False,False,False,False,False,False,True,False,False
338,True,41.0,4.115575906977352,0,False,True,False,False,False,False,False,False,True,False,False,False,False,True,False,False
339,True,45.0,2.2027647577118348,0,True,False,False,True,False,False,False,False,False,False,False,False,True,False,False,True
340,False,45.0,3.597312260588446,0,True,False,False,True,False,False,False,False,False,False,False,True,False,True,False,False
341,True,2.0,3.295836866004329,2,True,False,False,True,False,False,False,False,False,True,False,False,False,False,True,False
342,True,24.0,5.575949103146316,5,False,False,False,True,False,False,True,False,False,False,False,False,False,True,False,False
343,False,28.0,2.639057329615259,0,True,False,False,True,False,False,False,False,False,False,False,False,True,False,True,False
344,False,25.0,2.639057329615259,0,True,False,False,True,False,False,False,False,False,False,False,False,True,False,True,False
345,False,36.0,2.639057329615259,0,True,False,False,True,False,False,False,False,False,False,False,False,True,False,True,False
346,True,24.0,2.639057329615259,0,False,False,False,True,False,False,False,False,False,True,False,False,False,False,True,False
347,True,40.0,2.70805020110221,0,False,False,False,True,False,False,False,False,False,False,False,False,True,False,True,False
348,True,24.0,2.8390784635086144,1,False,False,False,True,False,False,False,False,False,False,False,False,True,False,False,True
349,True,3.0,2.2027647577118348,2,True,False,False,True,False,False,False,False,False,False,False,False,True,False,False,True
350,False,42.0,2.2682524139135403,0,True,False,False,True,False,False,False,False,False,False,False,False,True,False,False,True
351,False,23.0,2.3248357019288655,0,True,False,False,True,False,False,False,False,False,False,False,False,True,False,False,True
352,False,37.0,3.58351893845611,0,True,False,False,True,False,False,True,False,False,False,False,False,False,True,False,False
353,False,15.0,2.1076888046179385,2,True,True,False,False,False,False,False,False,False,False,False,False,True,False,False,True
354,False,25.0,2.9338568698359033,1,True,False,False,True,False,False,False,False,False,False,False,False,True,False,False,True
355,False,24.0,2.1071782966514356,0,True,True,False,False,False,False,False,False,False,False,False,False,True,False,False,True
356,False,28.0,2.3513752571634776,0,True,False,False,True,False,False,False,False,False,False,False,False,True,False,False,True
357,True,22.0,4.02535169073515,1,False,False,False,True,False,False,False,False,True,False,False,False,False,True,False,False
358,False,38.0,2.639057329615259,0,False,False,False,True,False,False,False,False,False,False,False,False,True,False,True,False
359,True,24.0,2.1837114628556327,0,False,False,True,False,False,False,False,False,False,False,False,False,True,False,False,True
360,True,24.0,2.1837114628556327,0,False,False,True,False,False,False,False,False,False,False,False,False,True,False,False,True
361,False,40.0,3.3638415951183864,5,True,False,False,True,False,False,False,False,False,False,False,False,True,False,False,True
362,False,29.0,3.357621598945279,1,True,True,False,False,False,False,False,False,False,False,False,False,True,False,True,False
363,False,45.0,2.737880811060884,1,False,True,False,False,False,False,False,False,False,False,False,False,True,False,False,True
364,False,35.0,2.085672091430472,0,True,False,False,True,False,False,False,False,False,False,False,False,True,False,False,True
365,False,24.0,2.803360380906535,1,True,False,True,False,False,False,False,False,False,False,False,False,True,False,False,True
366,False,30.0,2.1102132003465894,0,True,False,False,True,False,False,False,False,False,False,False,False,True,False,False,True
367,True,60.0,4.334017415487521,1,False,True,False,False,False,False,False,True,False,False,False,False,False,True,False,False
368,True,24.0,2.1076888046179385,0,False,True,False,False,False,False,False,False,False,False,False,False,True,False,False,True
369,True,24.0,2.169053700369523,0,False,False,True,False,False,False,False,False,False,False,False,False,True,False,False,True
370,True,24.0,4.252771798816619,0,False,True,False,False,False,True,False,False,False,False,False,False,False,True,False,False
371,True,25.0,4.0332082470129285,1,True,True,False,False,False,False,False,False,True,False,False,False,False,True,False,False
372,False,18.0,2.0143428636837015,1,True,False,False,True,False,False,False,False,False,False,False,False,True,False,False,True
373,False,19.0,2.2027647577118348,0,True,False,False,True,False,False,False,False,False,False,False,False,True,False,False,True
374,False,22.0,4.91730069488021,0,True,True,False,False,False,False,False,False,False,False,False,False,True,True,False,False
375,False,3.0,3.094445746490024,4,False,False,False,True,False,False,False,False,False,False,False,False,True,False,False,True
376,True,37.0,4.420896324687287,1,False,True,False,False,False,False,False,False,False,False,False,False,True,True,False,False
377,True,22.0,2.1102132003465894,0,False,False,False,True,False,False,False,False,False,False,False,False,True,False,False,True
378,False,27.0,5.358941988364472,2,True,True,False,False,False,False,True,False,False,False,False,False,False,True,False,False
379,False,20.0,1.6119347926326877,0,True,True,False,False,False,False,False,False,False,False,False,False,True,False,False,True
380,False,19.0,2.1719067693519296,0,True,False,False,True,False,False,False,False,False,False,False,False,True,False,False,True
381,True,42.0,5.4316456135398825,0,False,True,False,False,False,False,False,False,False,False,False,False,True,True,False,False
382,True,1.0,2.817902613071225,2,False,True,False,False,False,False,False,False,False,False,False,False,True,False,False,True
383,False,32.0,2.188856327665703,0,True,False,False,True,False,False,False,False,False,False,False,False,True,False,False,True
384,True,35.0,3.970291913552122,1,False,False,False,True,False,False,False,False,False,False,False,False,True,True,False,False
385,False,24.0,2.1855792552411137,0,True,False,False,True,False,False,False,False,False,False,False,False,True,False,False,True
386,False,18.0,4.310799125385514,0,True,False,False,True,False,False,False,False,False,False,False,False,True,False,True,False
387,False,1.0,3.8691155044168695,7,True,False,False,True,False,False,False,False,False,False,False,False,True,False,False,True
388,True,36.0,2.639057329615259,0,False,False,False,True,False,False,False,False,False,False,False,False,True,False,True,False
389,False,24.0,2.1666737276227077,0,True,False,True,False,False,False,False,False,False,False,False,False,True,False,False,True
390,True,17.0,2.5649493574615367,0,False,True,False,False,False,False,False,False,False,False,False,False,True,False,True,False
391,True,36.0,4.795790545596741,3,True,False,False,True,False,True,False,False,False,False,False,False,False,True,False,False
392,True,21.0,2.2027647577118348,0,True,False,False,True,False,False,False,False,False,False,False,False,True,False,False,True
393,False,28.0,2.2027647577118348,2,True,False,False,True,False,False,False,False,False,False,False,False,True,False,False,True
394,True,23.0,4.738607824217808,1,False,True,False,False,False,False,False,True,False,False,False,False,False,True,False,False
395,True,24.0,2.8735646395797834,2,False,False,False,True,False,False,False,False,False,False,True,False,False,False,False,True
396,False,22.0,2.174274334826008,0,True,False,False,True,False,False,False,False,False,False,False,False,True,False,False,True
397,False,31.0,2.180891922715322,0,False,False,False,True,False,False,False,False,False,False,False,False,True,False,False,True
398,False,46.0,3.295836866004329,0,True,False,False,True,False,False,False,False,False,False,False,False,True,False,True,False
399,False,23.0,2.4423470353692043,0,True,False,False,True,False,False,False,False,False,False,False,False,True,False,True,False
400,True,28.0,2.613739521630969,0,False,False,False,True,False,False,False,False,False,False,False,False,True,False,True,False
401,True,39.0,2.188856327665703,0,True,False,False,True,False,False,False,False,False,False,False,False,True,False,False,True
402,False,26.0,2.2027647577118348,0,True,False,False,True,False,False,False,False,False,False,False,False,True,False,False,True
403,False,21.0,2.3818582738885534,1,False,False,False,True,False,False,False,False,False,False,False,False,True,False,False,True
404,False,28.0,2.8243506567983707,1,True,False,False,True,False,False,False,False,False,False,False,False,True,False,False,True
405,False,20.0,2.2682524139135403,0,False,False,False,True,False,False,False,False,False,False,False,False,True,False,False,True
406,False,34.0,3.091042453358316,1,True,False,False,True,False,False,False,False,False,False,False,False,True,False,True,False
407,False,51.0,2.169053700369523,0,True,False,False,True,False,False,False,False,False,False,False,False,True,False,False,True
408,True,3.0,2.9831534913471307,2,True,False,False,True,False,False,False,False,False,False,False,False,True,False,True,False
409,False,21.0,2.1719067693519296,0,True,False,False,True,False,False,False,False,False,False,False,False,True,False,False,True
410,False,24.0,3.275887339030031,4,False,False,False,True,False,False,False,False,False,False,False,False,True,False,False,True
411,False,24.0,2.1855792552411137,0,True,False,False,True,False,False,False,False,False,False,False,False,True,False,False,True
412,False,24.0,2.061570298060867,0,True,False,True,False,False,False,False,False,False,False,False,False,True,False,False,True
413,True,33.0,4.51085950651685,1,False,False,True,False,False,False,True,False,False,False,False,False,False,True,False,False
414,False,29.0,0.0,0,True,False,False,True,False,False,False,False,False,False,False,False,True,False,True,False
415,True,44.0,2.188856327665703,0,True,False,False,True,False,False,False,False,False,False,False,False,True,False,False,True
416,False,24.0,2.2027647577118348,0,False,False,False,True,False,False,False,False,False,False,False,False,True,False,False,True
417,True,34.0,3.5115454388310208,2,False,False,False,True,False,False,False,False,False,False,False,False,True,False,True,False
418,True,18.0,2.639057329615259,2,False,False,False,True,False,False,False,False,False,False,False,False,True,False,True,False
419,False,30.0,2.639057329615259,0,True,False,False,True,False,False,False,False,False,False,False,False,True,False,True,False
420,False,10.0,3.224857896545748,2,False,False,False,True,False,False,False,False,False,False,False,False,True,False,False,True
421,False,24.0,2.1855792552411137,0,True,True,False,False,False,False,False,False,False,False,False,False,True,False,False,True
422,False,21.0,2.2027647577118348,0,True,False,True,False,False,False,False,False,False,False,False,False,True,False,False,True
423,False,29.0,2.1832383353614793,0,True,False,False,True,False,False,False,False,False,False,False,False,True,False,False,True
424,False,28.0,2.7343675094195836,2,False,False,False,True,False,False,False,False,False,False,False,False,True,False,False,True
425,False,18.0,3.0545906305603445,2,True,False,False,True,False,False,False,False,False,False,False,False,True,False,False,True
426,False,24.0,2.1102132003465894,0,True,False,False,True,False,False,False,False,False,False,False,False,True,False,False,True
427,True,28.0,3.295836866004329,1,False,False,False,True,False,False,False,False,False,False,False,False,True,False,True,False
428,True,19.0,3.295836866004329,0,False,False,False,True,False,False,False,False,False,False,False,False,True,False,True,False
429,False,24.0,2.169053700369523,0,True,False,True,False,False,False,False,False,False,False,False,False,True,False,False,True
430,True,32.0,2.2027647577118348,0,True,False,False,True,False,False,False,False,True,False,False,False,False,False,False,True
431,True,28.0,3.3160025355989236,0,True,False,False,True,False,False,True,False,False,False,False,False,False,True,False,False
432,True,24.0,2.2027647577118348,1,False,False,False,True,False,False,False,False,False,False,False,False,True,False,False,True
433,True,42.0,3.295836866004329,1,False,False,False,True,False,False,False,False,False,False,False,False,True,False,True,False
434,False,17.0,2.094945728215801,0,True,False,False,True,False,False,False,False,False,False,False,False,True,False,False,True
435,False,50.0,4.041295341132285,1,True,False,False,True,False,False,False,False,True,False,False,False,False,True,False,False
436,True,14.0,4.795790545596741,3,False,False,False,True,False,True,False,False,False,False,False,False,False,True,False,False
437,False,21.0,3.5660053559634015,4,False,False,False,True,False,False,False,False,False,False,False,False,True,False,False,True
438,True,24.0,2.70805020110221,5,False,False,False,True,False,False,False,False,False,False,False,False,True,False,True,False
439,False,64.0,5.575949103146316,5,True,False,False,True,False,False,True,False,False,False,False,False,False,True,False,False
440,False,31.0,2.4423470353692043,0,True,False,False,True,False,False,False,False,False,False,False,False,True,False,True,False
441,True,45.0,3.305053521109253,2,False,False,False,True,False,False,False,False,False,False,False,False,True,False,True,False
442,False,20.0,2.2027647577118348,0,True,False,False,True,False,False,False,False,False,False,False,False,True,False,False,True
443,False,25.0,2.1719067693519296,1,True,False,False,True,False,False,False,False,False,False,False,False,True,False,False,True
444,True,28.0,2.639057329615259,0,False,False,False,True,False,False,False,False,False,False,False,False,True,False,True,False
445,True,24.0,2.2027647577118348,0,True,False,False,True,False,False,False,False,False,False,False,False,True,False,False,True
446,True,4.0,4.417131919904876,2,True,False,False,True,True,False,False,False,False,False,False,False,False,True,False,False
447,True,13.0,3.0204248861443626,1,False,False,False,True,False,False,False,False,False,False,False,False,True,False,True,False
448,True,34.0,4.115575906977352,0,True,False,False,True,False,False,False,False,False,False,False,False,True,True,False,False
449,True,5.0,3.0085645861193133,3,False,True,False,False,False,False,False,False,False,False,False,False,True,False,False,True
450,True,52.0,3.449987545831587,0,True,False,False,True,False,False,True,False,False,False,False,False,False,True,False,False
451,False,36.0,3.3586377672433594,3,True,False,False,True,False,False,False,False,False,False,False,False,True,False,True,False
452,False,24.0,3.0429354648621407,1,True,False,False,True,False,False,False,False,False,False,False,False,True,False,False,True
453,False,30.0,3.3586377672433594,0,True,True,False,False,False,False,True,False,False,False,False,False,False,True,False,False
454,True,49.0,4.500966778400217,1,True,True,False,False,False,False,True,False,False,False,False,False,False,True,False,False
455,False,24.0,2.2027647577118348,0,True,False,False,True,False,False,False,False,False,False,False,False,True,False,False,True
456,True,29.0,2.1855792552411137,0,True,True,False,False,False,False,False,False,False,False,False,False,True,False,False,True
457,False,65.0,3.3160025355989236,0,True,False,False,True,False,False,False,False,True,False,False,False,False,True,False,False
458,True,37.0,3.967694202798607,1,False,False,False,True,False,False,False,True,False,False,False,False,False,True,False,False
459,True,50.0,2.4423470353692043,0,False,False,False,True,False,False,False,False,False,False,False,False,True,False,True,False
460,False,24.0,2.169053700369523,0,True,False,True,False,False,False,False,False,False,False,False,False,True,False,False,True
461,True,48.0,3.3160025355989236,0,True,False,False,True,False,False,False,False,True,False,False,False,False,True,False,False
462,False,34.0,2.2027647577118348,0,True,False,False,True,False,False,False,False,False,False,False,False,True,False,False,True
463,False,47.0,3.676300671907076,0,True,False,False,True,False,False,False,False,True,False,False,False,False,True,False,False
464,False,48.0,2.639057329615259,0,True,False,False,True,False,False,False,False,False,False,False,False,True,False,True,False
465,False,24.0,2.2027647577118348,0,True,False,False,True,False,False,False,False,False,False,False,False,True,False,False,True
466,False,38.0,2.085672091430472,0,True,False,False,True,False,False,False,False,False,False,False,False,True,False,False,True
467,False,29.0,0.0,0,True,False,False,True,False,False,False,False,False,False,False,False,True,False,True,False
468,False,56.0,3.3160025355989236,0,True,False,False,True,False,False,False,False,False,False,False,False,True,True,False,False
469,False,24.0,2.1661924680884908,0,True,False,True,False,False,False,False,False,False,False,False,False,True,False,False,True
470,True,0.75,3.0085645861193133,3,False,True,False,False,False,False,False,False,False,False,False,False,True,False,False,True
471,False,24.0,2.1102132003465894,0,True,False,False,True,False,False,False,False,False,False,False,False,True,False,False,True
472,False,38.0,2.2682524139135403,0,True,False,False,True,False,False,False,False,False,False,False,False,True,False,False,True
473,True,33.0,3.3586377672433594,3,False,False,False,True,False,False,False,False,False,False,False,False,True,False,True,False
474,True,23.0,2.694066212646058,0,False,True,False,False,False,False,False,True,False,False,False,False,False,False,True,False
475,False,22.0,2.3830123421066602,0,False,False,False,True,False,False,False,False,False,False,False,False,True,False,False,True
476,False,37.0,3.970291913552122,0,True,False,False,True,True,False,False,False,False,False,False,False,False,True,False,False
477,False,34.0,3.091042453358316,1,True,False,False,True,False,False,False,False,False,False,False,False,True,False,True,False
478,False,29.0,2.2027647577118348,1,True,False,False,True,False,False,False,False,False,False,False,False,True,False,False,True
479,False,22.0,2.142510233146819,0,True,False,False,True,False,False,False,False,False,False,False,False,True,False,False,True
480,True,2.0,2.586823743668066,1,False,False,False,True,False,False,False,False,False,False,False,False,True,False,False,True
481,False,9.0,3.8691155044168695,7,True,False,False,True,False,False,False,False,False,False,False,False,True,False,False,True
482,False,29.0,0.0,0,True,False,False,True,False,False,False,False,False,False,False,False,True,False,True,False
483,False,50.0,2.2027647577118348,0,True,False,False,True,False,False,False,False,False,False,False,False,True,False,False,True
484,True,63.0,2.2027647577118348,0,False,False,False,True,False,False,False,False,False,False,False,False,True,False,False,True
485,True,25.0,4.5226490762785785,1,True,True,False,False,False,True,False,False,False,False,False,False,False,True,False,False
486,False,24.0,3.275887339030031,4,False,False,False,True,False,False,False,False,False,False,False,False,True,False,False,True
487,True,35.0,4.51085950651685,1,False,False,False,True,False,False,True,False,False,False,False,False,False,True,False,False
488,False,58.0,3.4242626545931514,0,True,True,False,False,False,True,False,False,False,False,False,False,False,True,False,False
489,False,30.0,2.2027647577118348,0,True,False,False,True,False,False,False,False,False,False,False,False,True,False,False,True
490,True,9.0,2.827313621929028,2,True,False,False,True,False,False,False,False,False,False,False,False,True,False,False,True
491,False,24.0,3.0429354648621407,1,True,False,False,True,False,False,False,False,False,False,False,False,True,False,False,True
492,False,21.0,2.1102132003465894,0,True,False,False,True,False,False,False,False,False,False,False,False,True,False,False,True
493,False,55.0,3.449987545831587,0,True,False,False,True,False,False,True,False,False,False,False,False,False,True,False,False
494,False,71.0,3.922056501139853,0,True,True,False,False,False,False,False,False,False,False,False,False,True,True,False,False
495,False,21.0,2.2027647577118348,0,True,False,False,True,False,False,False,False,False,False,False,False,True,False,False,True
496,False,24.0,2.2027647577118348,0,True,True,False,False,False,False,False,False,False,False,False,False,True,False,False,True
497,True,54.0,4.37281811610993,1,False,True,False,False,False,False,False,True,False,False,False,False,False,True,False,False
498,False,24.0,2.7788192719904172,0,True,False,False,True,False,False,False,False,False,False,False,False,True,False,False,True
499,False,25.0,4.115575906977352,3,False,False,False,True,False,False,True,False,False,False,False,False,False,True,False,False
500,False,24.0,2.174274334826008,0,True,False,False,True,False,False,False,False,False,False,False,False,True,False,False,True
501,False,17.0,2.2682524139135403,0,True,False,False,True,False,False,False,False,False,False,False,False,True,False,False,True
502,False,21.0,2.169053700369523,0,False,False,True,False,False,False,False,False,False,False,False,False,True,False,False,True
503,False,24.0,2.155151800914312,0,False,False,True,False,False,False,False,False,False,False,False,False,True,False,False,True
504,False,37.0,2.3596740599781727,0,False,False,False,True,False,False,False,False,False,False,False,False,True,False,False,True
505,True,16.0,4.471638793363569,0,False,False,False,True,False,True,False,False,False,False,False,False,False,True,False,False
506,False,18.0,4.699570861409576,1,True,True,False,False,False,False,True,False,False,False,False,False,False,True,False,False
507,True,33.0,2.70805020110221,2,False,False,False,True,False,False,False,False,False,False,False,False,True,False,True,False
508,True,37.0,3.3160025355989236,0,True,False,False,True,False,False,False,False,False,False,False,False,True,True,False,False
509,False,28.0,3.1580636854714434,0,True,False,False,True,False,False,False,False,False,False,False,False,True,False,False,True
510,True,26.0,4.051711901657239,0,True,False,False,True,False,False,False,False,False,False,False,False,True,False,False,True
511,True,29.0,2.169053700369523,0,True,False,True,False,False,False,False,False,False,False,False,False,True,False,False,True
512,False,24.0,2.2027647577118348,0,True,False,False,True,False,False,False,False,False,False,False,False,True,False,False,True
513,True,36.0,3.3064287218760624,0,True,False,False,True,False,False,False,False,True,False,False,False,False,True,False,False
514,True,54.0,4.100989104940769,1,False,True,False,False,False,False,False,False,False,False,False,False,True,True,False,False
515,False,24.0,2.139571923732859,0,True,False,False,True,False,False,False,False,False,False,False,False,True,False,False,True
516,False,47.0,3.5559421706858756,0,True,False,False,True,False,False,False,True,False,False,False,False,False,True,False,False
517,True,34.0,2.70805020110221,0,False,False,False,True,False,False,False,False,False,True,False,False,False,False,True,False
518,False,24.0,3.224857896545748,0,True,False,True,False,False,False,False,False,False,False,False,False,True,False,False,True
519,True,36.0,3.295836866004329,1,False,False,False,True,False,False,False,False,False,False,False,False,True,False,True,False
520,False,32.0,2.1855792552411137,0,True,False,False,True,False,False,False,False,False,False,False,False,True,False,False,True
521,True,30.0,4.548599834499697,0,False,False,False,True,False,True,False,False,False,False,False,False,False,True,False,False
522,False,22.0,2.1855792552411137,0,True,False,False,True,False,False,False,False,False,False,False,False,True,False,False,True
523,False,24.0,2.1071782966514356,0,True,True,False,False,False,False,False,False,False,False,False,False,True,False,False,True
524,True,44.0,4.077184839375167,1,False,True,False,False,False,True,False,False,False,False,False,False,False,True,False,False
525,False,24.0,2.1076888046179385,0,True,True,False,False,False,False,False,False,False,False,False,False,True,False,False,True
526,False,40.5,2.169053700369523,0,True,False,True,False,False,False,False,False,False,False,False,False,True,False,False,True
527,True,50.0,2.4423470353692043,0,False,False,False,True,False,False,False,False,False,False,False,False,True,False,True,False
528,False,37.0,5.406181146423973,0,True,False,False,True,False,False,True,False,False,False,False,False,False,True,False,False
529,False,39.0,2.188856327665703,0,True,False,False,True,False,False,False,False,False,False,False,False,True,False,False,True
530,False,23.0,2.5257286443082556,3,True,False,False,True,False,False,False,False,False,False,False,False,True,False,True,False
531,True,2.0,3.295836866004329,2,False,False,False,True,False,False,False,False,False,False,False,False,True,False,True,False
532,False,24.0,2.1076888046179385,0,True,True,False,False,False,False,False,False,False,False,False,False,True,False,False,True
533,False,17.0,2.1076888046179385,2,True,True,False,False,False,False,False,False,False,False,False,False,True,False,False,True
534,True,24.0,3.1509523813392697,2,False,True,False,False,False,False,False,False,False,False,False,False,True,False,False,True
535,False,30.0,2.2682524139135403,0,False,False,False,True,False,False,False,False,False,False,False,False,True,False,False,True
536,True,7.0,3.305053521109253,2,False,False,False,True,False,False,False,False,False,False,False,False,True,False,True,False
537,False,45.0,4.115575906977352,0,True,False,False,True,False,True,False,False,False,False,False,False,False,True,False,False
538,True,30.0,4.115575906977352,0,False,True,False,False,False,False,False,False,False,False,False,False,True,True,False,False
539,False,24.0,2.740840023925201,0,True,False,False,True,False,False,False,False,False,False,False,False,True,False,False,True
540,True,22.0,3.9219733362813143,2,False,True,False,False,False,True,False,False,False,False,False,False,False,True,False,False
541,True,36.0,4.276666119016055,2,False,False,False,True,False,True,False,False,False,False,False,False,False,True,False,False
542,False,9.0,3.4742929367327062,6,False,False,False,True,False,False,False,False,False,False,False,False,True,False,False,True
543,False,11.0,3.4742929367327062,6,False,False,False,True,False,False,False,False,False,False,False,False,True,False,False,True
544,True,32.0,3.295836866004329,1,True,False,False,True,False,False,False,False,False,False,False,False,True,False,True,False
545,False,50.0,4.676792929661059,1,True,True,False,False,False,False,True,False,False,False,False,False,False,True,False,False
546,False,64.0,3.295836866004329,0,True,False,False,True,False,False,False,False,False,False,False,False,True,True,False,False
547,True,19.0,3.295836866004329,1,False,False,False,True,False,False,False,False,False,False,False,False,True,False,True,False
548,True,29.0,2.6988412620169004,0,True,True,False,False,False,False,False,False,False,False,False,False,True,False,True,False
549,False,33.0,3.0692150503137943,2,True,False,False,True,False,False,False,False,False,False,False,False,True,False,False,True
550,True,8.0,3.6309854756950335,2,True,False,False,True,False,False,False,False,False,False,False,False,True,False,True,False
551,True,17.0,4.717456363787216,2,True,True,False,False,False,False,True,False,False,False,False,False,False,True,False,False
552,False,27.0,3.295836866004329,0,True,False,False,True,False,False,False,False,False,False,False,False,True,False,True,False
553,False,24.0,2.17806441028492,0,True,False,True,False,False,False,False,False,False,False,False,False,True,False,False,True
554,True,22.0,2.1071782966514356,0,True,True,False,False,False,False,False,False,False,False,False,False,True,False,False,True
555,True,22.0,2.1719067693519296,0,False,False,False,True,False,False,False,False,False,False,False,False,True,False,False,True
556,False,62.0,3.3160025355989236,0,True,False,False,True,False,False,False,False,False,False,False,False,True,True,False,False
557,True,48.0,3.703768066607687,1,False,True,False,False,True,False,False,False,False,False,False,False,False,True,False,False
558,False,37.0,5.4316456135398825,0,True,True,False,False,False,False,False,False,False,False,False,False,True,True,False,False
559,True,39.0,4.390118804571218,2,False,False,False,True,False,False,False,False,True,False,False,False,False,True,False,False
560,True,36.0,2.91235066461494,1,False,False,False,True,False,False,False,False,False,False,False,False,True,False,False,True
561,False,24.0,2.169053700369523,0,True,False,True,False,False,False,False,False,False,False,False,False,True,False,False,True
562,False,40.0,2.2027647577118348,0,True,False,False,True,False,False,False,False,False,False,False,False,True,False,False,True
563,False,28.0,2.6741486494265287,0,True,False,False,True,False,False,False,False,False,False,False,False,True,False,True,False
564,False,24.0,2.2027647577118348,0,True,False,False,True,False,False,False,False,False,False,False,False,True,False,False,True
565,False,24.0,2.2027647577118348,0,False,False,False,True,False,False,False,False,False,False,False,False,True,False,False,True
566,False,24.0,3.224857896545748,2,True,False,False,True,False,False,False,False,False,False,False,False,True,False,False,True
567,False,19.0,2.1855792552411137,0,True,False,False,True,False,False,False,False,False,False,False,False,True,False,False,True
568,False,29.0,3.094445746490024,4,False,False,False,True,False,False,False,False,False,False,False,False,True,False,False,True
569,False,24.0,2.1076888046179385,0,True,True,False,False,False,False,False,False,False,False,False,False,True,False,False,True
570,True,32.0,2.180891922715322,0,True,False,False,True,False,False,False,False,False,False,False,False,True,False,False,True
571,True,62.0,2.4423470353692043,0,True,False,False,True,False,False,False,False,False,False,False,False,True,False,True,False
572,True,53.0,3.960416900617205,2,False,False,False,True,False,False,True,False,False,False,False,False,False,True,False,False
573,True,36.0,3.3100867049215847,0,True,False,False,True,False,False,False,False,True,False,False,False,False,True,False,False
574,True,24.0,2.169053700369523,0,False,False,True,False,False,False,False,False,False,False,False,False,True,False,False,True
575,False,16.0,2.2027647577118348,0,True,False,False,True,False,False,False,False,False,False,False,False,True,False,False,True
576,False,19.0,2.2027647577118348,0,True,False,False,True,False,False,False,False,False,False,False,False,True,False,False,True
577,True,34.0,2.639057329615259,0,False,False,False,True,False,False,False,False,False,False,False,False,True,False,True,False
578,True,39.0,4.041295341132285,1,False,False,False,True,False,False,False,False,True,False,False,False,False,True,False,False
579,False,24.0,2.738146075922933,1,False,True,False,False,False,False,False,False,False,False,False,False,True,False,False,True
580,True,32.0,2.188856327665703,0,True,False,False,True,False,False,False,False,False,False,False,False,True,False,False,True
581,True,25.0,3.4339872044851463,2,False,False,False,True,False,False,False,False,False,False,False,False,True,False,True,False
582,True,39.0,4.717456363787216,2,False,True,False,False,False,False,True,False,False,False,False,False,False,True,False,False
583,False,54.0,3.295836866004329,0,True,False,False,True,False,False,False,False,False,False,False,False,True,False,True,False
584,False,36.0,3.716616209085536,0,True,True,False,False,True,False,False,False,False,False,False,False,False,True,False,False
585,False,24.0,2.2734137156937657,0,True,True,False,False,False,False,False,False,False,False,False,False,True,False,False,True
586,True,18.0,4.390118804571218,2,False,False,False,True,False,False,False,False,True,False,False,False,False,True,False,False
587,False,47.0,2.772588722239781,0,True,False,False,True,False,False,False,False,False,False,False,False,True,False,True,False
588,True,60.0,4.384523514872469,2,True,True,False,False,False,True,False,False,False,False,False,False,False,True,False,False
589,False,22.0,2.2027647577118348,0,True,False,False,True,False,False,False,False,False,False,False,False,True,False,False,True
590,False,24.0,2.2027647577118348,0,True,False,False,True,False,False,False,False,False,False,False,False,True,False,False,True
591,False,35.0,2.094945728215801,0,True,False,False,True,False,False,False,False,False,False,False,False,True,False,False,True
592,True,52.0,4.37281811610993,1,False,True,False,False,False,False,False,True,False,False,False,False,False,True,False,False
593,False,47.0,2.2027647577118348,0,True,False,False,True,False,False,False,False,False,False,False,False,True,False,False,True
594,False,24.0,2.2027647577118348,2,False,False,True,False,False,False,False,False,False,False,False,False,True,False,False,True
595,False,37.0,3.295836866004329,1,True,False,False,True,False,False,False,False,False,False,False,False,True,False,True,False
596,False,36.0,3.224857896545748,2,True,False,False,True,False,False,False,False,False,False,False,False,True,False,False,True
597,True,29.0,3.5263605246161616,0,False,False,False,True,False,False,False,False,False,False,False,False,True,False,True,False
598,False,49.0,0.0,0,True,False,False,True,False,False,False,False,False,False,False,False,True,False,False,True
599,False,24.0,2.1071782966514356,0,True,True,False,False,False,False,False,False,False,False,False,False,True,False,False,True
600,True,49.0,4.0592215752427645,1,True,True,False,False,True,False,False,False,False,False,False,False,False,True,False,False
601,True,24.0,3.332204510175204,3,False,False,False,True,False,False,False,False,False,False,False,False,True,False,True,False
602,False,24.0,2.1855792552411137,0,True,False,False,True,False,False,False,False,False,False,False,False,True,False,False,True
603,False,37.0,3.770459441106359,0,True,False,False,True,False,False,False,False,False,False,False,False,True,True,False,False
604,False,44.0,2.2027647577118348,0,True,False,False,True,False,False,False,False,False,False,False,False,True,False,False,True
605,True,35.0,3.3160025355989236,0,True,True,False,False,False,False,False,False,False,False,False,False,True,True,False,False
606,False,36.0,2.806386101823072,1,True,False,False,True,False,False,False,False,False,False,False,False,True,False,False,True
607,False,30.0,2.1855792552411137,0,True,False,False,True,False,False,False,False,False,False,False,False,True,False,False,True
608,True,27.0,3.449987545831587,0,True,False,False,True,False,False,False,False,False,False,False,False,True,True,False,False
609,True,22.0,3.7513658711253766,3,False,True,False,False,False,False,False,False,False,False,False,False,True,False,True,False
610,True,40.0,5.039951348430309,0,False,False,False,True,False,False,True,False,False,False,False,False,False,True,False,False
611,False,39.0,3.4742929367327062,6,False,False,False,True,False,False,False,False,False,False,False,False,True,False,False,True
612,False,24.0,2.085672091430472,0,True,False,False,True,False,False,False,False,False,False,False,False,True,False,False,True
613,True,24.0,2.803360380906535,1,False,False,True,False,False,False,False,False,False,False,False,False,True,False,False,True
614,False,24.0,2.2027647577118348,0,True,False,True,False,False,False,False,False,False,False,False,False,True,False,False,True
615,False,35.0,2.2027647577118348,0,True,False,False,True,False,False,False,False,False,False,False,False,True,False,False,True
616,True,24.0,4.189654742026425,3,False,False,False,True,False,False,False,False,False,False,False,False,True,False,True,False
617,False,34.0,2.7343675094195836,2,True,False,False,True,False,False,False,False,False,False,False,False,True,False,False,True
618,False,26.0,2.8390784635086144,1,False,False,False,True,False,False,False,False,False,False,False,False,True,False,False,True
619,True,4.0,3.6888794541139363,3,False,False,False,True,False,False,False,False,False,True,False,False,False,False,True,False
620,False,26.0,2.4423470353692043,0,True,False,False,True,False,False,False,False,False,False,False,False,True,False,True,False
621,False,27.0,2.737880811060884,1,True,True,False,False,False,False,False,False,False,False,False,False,True,False,False,True
622,True,42.0,4.115575906977352,1,True,False,False,True,False,False,False,True,False,False,False,False,False,True,False,False
623,True,20.0,2.2027647577118348,2,True,True,False,False,False,False,False,False,False,False,False,False,True,False,False,True
624,False,21.0,2.180891922715322,0,True,False,False,True,False,False,False,False,False,False,False,False,True,False,False,True
625,False,21.0,2.2027647577118348,0,True,False,False,True,False,False,False,False,False,False,False,False,True,False,False,True
626,False,61.0,3.5061818266142577,0,True,False,False,True,False,False,False,True,False,False,False,False,False,True,False,False
627,False,57.0,2.5915163848462583,0,True,False,True,False,False,False,False,False,False,False,False,False,True,False,True,False
628,True,21.0,4.368919865004903,0,False,False,False,True,False,False,False,True,False,False,False,False,False,True,False,False
629,False,26.0,2.1855792552411137,0,True,False,False,True,False,False,False,False,False,False,False,False,True,False,False,True
630,False,24.0,2.167143305297764,0,True,False,True,False,False,False,False,False,False,False,False,False,True,False,False,True
631,True,80.0,3.4339872044851463,0,True,False,False,True,True,False,False,False,False,False,False,False,False,True,False,False
632,False,51.0,2.2027647577118348,0,True,False,False,True,False,False,False,False,False,False,False,False,True,False,False,True
633,True,32.0,3.449987545831587,0,True,True,False,False,False,True,False,False,False,False,False,False,False,True,False,False
634,False,37.0,0.0,0,True,False,False,True,False,False,False,False,False,False,False,False,True,True,False,False
635,False,9.0,3.3638415951183864,5,False,False,False,True,False,False,False,False,False,False,False,False,True,False,False,True
636,True,28.0,2.639057329615259,0,False,False,False,True,False,False,False,False,False,False,False,False,True,False,True,False
637,False,32.0,2.188856327665703,0,True,False,False,True,False,False,False,False,False,False,False,False,True,False,False,True
638,False,31.0,3.305053521109253,2,True,False,False,True,False,False,False,False,False,False,False,False,True,False,True,False
639,False,41.0,3.705920919968788,5,False,False,False,True,False,False,False,False,False,False,False,False,True,False,False,True
640,False,24.0,2.8390784635086144,1,True,False,False,True,False,False,False,False,False,False,False,False,True,False,False,True
641,False,20.0,2.180891922715322,0,True,False,False,True,False,False,False,False,False,False,False,False,True,False,False,True
642,True,24.0,4.252771798816619,0,False,True,False,False,False,True,False,False,False,False,False,False,False,True,False,False
643,False,2.0,2.2027647577118348,5,False,False,False,True,False,False,False,False,False,False,False,False,True,False,False,True
644,True,24.0,4.051711901657239,0,True,False,False,True,False,False,False,False,False,False,False,False,True,False,False,True
645,True,0.75,3.0085645861193133,3,False,True,False,False,False,False,False,False,False,False,False,False,True,False,False,True
646,True,48.0,4.353230991152628,1,True,True,False,False,False,False,False,True,False,False,False,False,False,True,False,False
647,False,19.0,2.1855792552411137,0,True,False,False,True,False,False,False,False,False,False,False,False,True,False,False,True
648,True,56.0,3.597312260588446,0,True,True,False,False,True,False,False,False,False,False,False,False,False,True,False,False
649,False,24.0,2.145931282948669,0,True,False,False,True,False,False,False,False,False,False,False,False,True,False,False,True
650,True,23.0,2.145931282948669,0,False,False,False,True,False,False,False,False,False,False,False,False,True,False,False,True
651,False,24.0,2.1855792552411137,0,True,False,False,True,False,False,False,False,False,False,False,False,True,False,False,True
652,True,18.0,2.70805020110221,1,False,False,False,True,False,False,False,False,False,False,False,False,True,False,True,False
653,False,21.0,2.2442459824059346,0,True,False,False,True,False,False,False,False,False,False,False,False,True,False,False,True
654,True,24.0,2.17806441028492,0,False,False,True,False,False,False,False,False,False,False,False,False,True,False,False,True
655,False,18.0,2.0476928433652555,0,False,False,True,False,False,False,False,False,False,False,False,False,True,False,False,True
656,False,24.0,4.310799125385514,2,True,False,False,True,False,False,False,False,False,False,False,False,True,False,True,False
657,False,24.0,2.1855792552411137,0,True,False,False,True,False,False,False,False,False,False,False,False,True,False,False,True
658,False,32.0,2.803360380906535,2,False,False,True,False,False,False,False,False,False,False,False,False,True,False,False,True
659,False,23.0,2.639057329615259,0,True,False,False,True,False,False,False,False,False,False,False,False,True,False,True,False
660,False,58.0,4.738607824217808,2,True,True,False,False,False,False,False,True,False,False,False,False,False,True,False,False
661,True,50.0,4.902678819257608,2,True,False,False,True,False,False,False,False,False,False,False,False,True,True,False,False
662,False,40.0,2.1071782966514356,0,True,True,False,False,False,False,False,False,False,False,False,False,True,False,False,True
663,False,47.0,3.2804411805263554,0,True,False,False,True,False,False,False,False,True,False,False,False,False,True,False,False
664,False,36.0,2.2027647577118348,0,True,False,False,True,False,False,False,False,False,False,False,False,True,False,False,True
665,True,20.0,2.188856327665703,1,True,False,False,True,False,False,False,False,False,False,False,False,True,False,False,True
666,False,32.0,2.70805020110221,2,True,False,False,True,False,False,False,False,False,False,False,False,True,False,True,False
667,False,25.0,2.639057329615259,0,True,False,False,True,False,False,False,False,False,False,False,False,True,False,True,False
668,False,24.0,2.1719067693519296,0,True,False,False,True,False,False,False,False,False,False,False,False,True,False,False,True
669,False,43.0,2.2027647577118348,0,True,False,False,True,False,False,False,False,False,False,False,False,True,False,False,True
670,True,37.0,3.970291913552122,1,False,False,False,True,False,False,True,False,False,False,False,False,False,True,False,False
671,True,40.0,3.6888794541139363,2,False,False,False,True,False,False,False,False,False,False,False,False,True,False,True,False
672,False,31.0,3.970291913552122,1,True,False,False,True,False,True,False,False,False,False,False,False,False,True,False,False
673,False,70.0,2.4423470353692043,0,True,False,False,True,False,False,False,False,False,False,False,False,True,False,True,False
674,True,31.0,2.70805020110221,0,True,False,False,True,False,False,False,False,False,False,False,False,True,False,True,False
675,False,29.0,0.0,0,True,False,False,True,False,False,False,False,False,False,False,False,True,False,True,False
676,False,18.0,2.1719067693519296,0,True,False,False,True,False,False,False,False,False,False,False,False,True,False,False,True
677,False,24.5,2.2027647577118348,0,True,False,False,True,False,False,False,False,False,False,False,False,True,False,False,True
678,True,18.0,2.3833998102837652,0,False,False,False,True,False,False,False,False,False,False,False,False,True,False,False,True
679,False,43.0,2.2027647577118348,7,False,False,False,True,False,False,False,False,False,False,False,False,True,False,False,True
680,True,36.0,6.240917354759096,1,True,True,False,False,False,True,False,False,False,False,False,False,False,True,False,False
681,False,24.0,2.2027647577118348,0,False,False,True,False,False,False,False,False,False,False,False,False,True,False,False,True
682,True,27.0,4.353230991152628,0,True,True,False,False,False,False,False,True,False,False,False,False,False,True,False,False
683,False,20.0,2.3248357019288655,0,True,False,False,True,False,False,False,False,False,False,False,False,True,False,False,True
684,False,14.0,3.8691155044168695,7,True,False,False,True,False,False,False,False,False,False,False,False,True,False,False,True
685,False,60.0,3.6888794541139363,2,True,False,False,True,False,False,False,False,False,False,False,False,True,False,True,False
686,False,25.0,2.70805020110221,3,True,True,False,False,False,False,False,False,False,False,False,False,True,False,True,False
687,False,14.0,2.2027647577118348,5,True,False,False,True,False,False,False,False,False,False,False,False,True,False,False,True
688,False,19.0,2.4133032309283076,0,True,False,False,True,False,False,False,False,False,False,False,False,True,False,False,True
689,False,18.0,2.174274334826008,0,True,False,False,True,False,False,False,False,False,False,False,False,True,False,False,True
690,True,15.0,5.35817698994543,1,False,False,False,True,False,True,False,False,False,False,False,False,False,True,False,False
691,True,31.0,4.060443010546419,1,True,False,False,True,False,True,False,False,False,False,False,False,False,True,False,False
692,True,4.0,2.668387256845834,1,False,True,False,False,False,False,False,False,False,False,False,False,True,False,False,True
693,True,24.0,4.051711901657239,0,True,False,False,True,False,False,False,False,False,False,False,False,True,False,False,True
694,False,25.0,2.1071782966514356,0,True,True,False,False,False,False,False,False,False,False,False,False,True,False,False,True
695,False,60.0,3.3160025355989236,0,True,False,False,True,False,False,False,False,False,False,False,False,True,True,False,False
696,False,52.0,2.6741486494265287,0,True,False,False,True,False,False,False,False,False,False,False,False,True,False,True,False
697,False,44.0,2.2027647577118348,0,True,False,False,True,False,False,False,False,False,False,False,False,True,False,False,True
698,True,24.0,2.167143305297764,0,False,False,True,False,False,False,False,False,False,False,False,False,True,False,False,True
699,False,49.0,4.717456363787216,2,True,True,False,False,False,False,True,False,False,False,False,False,False,True,False,False
700,False,42.0,2.157559320943788,0,True,False,False,True,False,False,False,False,False,True,False,False,False,False,False,True
701,True,18.0,5.4316456135398825,1,False,True,False,False,False,False,True,False,False,False,False,False,False,True,False,False
702,True,35.0,3.3064287218760624,0,True,False,False,True,False,False,False,False,True,False,False,False,False,True,False,False
703,False,18.0,2.737880811060884,1,False,True,False,False,False,False,False,False,False,False,False,False,True,False,False,True
704,False,25.0,2.2027647577118348,0,True,False,True,False,False,False,False,False,False,False,False,False,True,False,False,True
705,False,26.0,2.180891922715322,1,True,False,False,True,False,False,False,False,False,False,False,False,True,False,False,True
706,False,39.0,3.295836866004329,0,True,False,False,True,False,False,False,False,False,False,False,False,True,False,True,False
707,True,45.0,2.6741486494265287,0,False,False,False,True,False,False,False,False,False,False,False,False,True,False,True,False
708,True,42.0,3.3064287218760624,0,True,False,False,True,False,False,False,False,True,False,False,False,False,True,False,False
709,True,22.0,5.027492411162679,0,False,False,False,True,False,False,False,False,False,False,False,False,True,True,False,False
710,True,24.0,2.7878344138303452,2,True,True,False,False,False,False,False,False,False,False,False,False,True,False,False,True
711,True,24.0,4.115575906977352,0,False,True,False,False,False,False,True,False,False,False,False,False,False,True,False,False
712,False,37.0,3.3160025355989236,0,True,False,False,True,False,False,True,False,False,False,False,False,False,True,False,False
713,True,48.0,3.970291913552122,1,True,False,False,True,False,False,True,False,False,False,False,False,False,True,False,False
714,False,29.0,2.3497835148230464,0,True,False,False,True,False,False,False,False,False,False,False,False,True,False,False,True
715,False,52.0,2.639057329615259,0,True,False,False,True,False,False,False,False,False,False,False,False,True,False,True,False
716,False,19.0,2.157559320943788,0,True,False,False,True,False,False,False,False,False,True,False,False,False,False,False,True
717,True,38.0,5.4316456135398825,0,False,True,False,False,False,False,True,False,False,False,False,False,False,True,False,False
718,True,27.0,2.4423470353692043,0,False,False,False,True,False,False,False,False,True,False,False,False,False,False,True,False
719,False,24.0,2.803360380906535,0,True,False,True,False,False,False,False,False,False,False,False,False,True,False,False,True
720,False,33.0,2.1719067693519296,0,True,False,False,True,False,False,False,False,False,False,False,False,True,False,False,True
721,True,6.0,3.5263605246161616,1,False,False,False,True,False,False,False,False,False,False,False,False,True,False,True,False
722,False,17.0,2.086193694502369,1,True,False,False,True,False,False,False,False,False,False,False,False,True,False,False,True
723,False,34.0,2.639057329615259,0,True,False,False,True,False,False,False,False,False,False,False,False,True,False,True,False
724,False,50.0,2.639057329615259,0,True,False,False,True,False,False,False,False,False,False,False,False,True,False,True,False
725,True,27.0,3.9908341858524357,1,True,False,False,True,False,False,False,False,True,False,False,False,False,True,False,False
726,False,20.0,2.2682524139135403,0,True,False,False,True,False,False,False,False,False,False,False,False,True,False,False,True
727,True,30.0,2.70805020110221,3,False,False,False,True,False,False,False,False,False,False,False,False,True,False,True,False
728,True,24.0,2.1676241075599285,0,False,False,True,False,False,False,False,False,False,False,False,False,True,False,False,True
729,False,25.0,3.295836866004329,1,True,False,False,True,False,False,False,False,False,False,False,False,True,False,True,False
730,False,25.0,2.188856327665703,1,False,False,False,True,False,False,False,False,False,False,False,False,True,False,False,True
731,True,29.0,5.35817698994543,0,False,False,False,True,False,True,False,False,False,False,False,False,False,True,False,False
732,False,11.0,2.9850504252071306,0,True,True,False,False,False,False,False,False,False,False,False,False,True,False,False,True
733,False,29.0,0.0,0,True,False,False,True,False,False,False,False,False,False,False,False,True,False,True,False
734,False,23.0,2.639057329615259,0,True,False,False,True,False,False,False,False,False,False,False,False,True,False,True,False
735,False,23.0,2.639057329615259,0,True,False,False,True,False,False,False,False,False,False,False,False,True,False,True,False
736,False,28.5,2.8390784635086144,0,True,False,False,True,False,False,False,False,False,False,False,False,True,False,False,True
737,False,48.0,3.5660053559634015,4,False,False,False,True,False,False,False,False,False,False,False,False,True,False,False,True
738,True,35.0,6.240917354759096,0,True,True,False,False,False,True,False,False,False,False,False,False,False,True,False,False
739,False,24.0,2.1855792552411137,0,True,False,False,True,False,False,False,False,False,False,False,False,True,False,False,True
740,False,24.0,2.2027647577118348,0,True,False,False,True,False,False,False,False,False,False,False,False,True,False,False,True
741,True,37.0,3.4339872044851463,0,True,False,False,True,False,False,False,True,False,False,False,False,False,True,False,False
742,False,36.0,4.115575906977352,1,True,False,False,True,False,False,True,False,False,False,False,False,False,True,False,False
743,True,21.0,5.5735788721243535,4,False,True,False,False,False,True,False,False,False,False,False,False,False,True,False,False
744,False,24.0,2.8390784635086144,1,True,False,False,True,False,False,False,False,False,False,False,False,True,False,False,True
745,True,31.0,2.2027647577118348,0,True,False,False,True,False,False,False,False,False,False,False,False,True,False,False,True
746,False,70.0,4.276666119016055,2,True,False,False,True,False,True,False,False,False,False,False,False,False,True,False,False
747,False,16.0,3.056356895370426,2,True,False,False,True,False,False,False,False,False,False,False,False,True,False,False,True
748,True,30.0,2.639057329615259,0,False,False,False,True,False,False,False,False,False,False,False,False,True,False,True,False
749,False,19.0,3.9908341858524357,1,True,False,False,True,False,False,False,True,False,False,False,False,False,True,False,False
750,False,31.0,2.2027647577118348,0,True,False,True,False,False,False,False,False,False,False,False,False,True,False,False,True
751,True,4.0,3.1780538303479458,2,False,False,False,True,False,False,False,False,False,False,False,False,True,False,True,False
752,True,6.0,2.600836116795061,1,True,False,False,True,False,False,False,False,True,False,False,False,False,False,False,True
753,False,33.0,2.3513752571634776,0,True,False,False,True,False,False,False,False,False,False,False,False,True,False,False,True
754,False,23.0,2.1855792552411137,0,True,False,False,True,False,False,False,False,False,False,False,False,True,False,False,True
755,True,48.0,4.189654742026425,3,False,False,False,True,False,False,False,False,False,False,False,False,True,False,True,False
756,True,0.67,2.740840023925201,2,True,False,False,True,False,False,False,False,False,False,False,False,True,False,True,False
757,False,28.0,2.174274334826008,0,True,False,False,True,False,False,False,False,False,False,False,False,True,False,False,True
758,False,18.0,2.5257286443082556,0,True,False,False,True,False,False,False,False,False,False,False,False,True,False,True,False
759,False,34.0,2.2027647577118348,0,True,False,False,True,False,False,False,False,False,False,False,False,True,False,False,True
760,True,33.0,4.471638793363569,0,False,False,False,True,False,True,False,False,False,False,False,False,False,True,False,False
761,False,24.0,2.740840023925201,0,True,False,False,True,False,False,False,False,False,False,False,False,True,False,False,True
762,False,41.0,2.094945728215801,0,True,False,False,True,False,False,False,False,False,False,False,False,True,False,False,True
763,True,20.0,2.1076888046179385,0,True,True,False,False,False,False,False,False,False,False,False,False,True,False,False,True
764,True,36.0,4.795790545596741,3,False,False,False,True,False,True,False,False,False,False,False,False,False,True,False,False
765,False,16.0,2.2027647577118348,0,True,False,False,True,False,False,False,False,False,False,False,False,True,False,False,True
766,True,51.0,4.368919865004903,1,False,False,False,True,False,False,False,True,False,False,False,False,False,True,False,False
767,False,37.0,3.703768066607687,0,True,True,False,False,False,False,False,False,False,False,False,False,True,True,False,False
768,False,30.5,2.169053700369523,0,False,False,True,False,False,False,False,False,False,False,False,False,True,False,False,True
769,False,24.0,3.224857896545748,1,True,False,True,False,False,False,False,False,False,False,False,False,True,False,False,True
770,False,32.0,2.236712348843338,0,True,False,False,True,False,False,False,False,False,False,False,False,True,False,False,True
771,False,24.0,2.3513752571634776,0,True,False,False,True,False,False,False,False,False,False,False,False,True,False,False,True
772,False,48.0,2.180891922715322,0,True,False,False,True,False,False,False,False,False,False,False,False,True,False,False,True
773,False,57.0,2.4423470353692043,0,False,False,False,True,False,False,False,False,True,False,False,False,False,False,True,False
774,False,24.0,2.1071782966514356,0,True,True,False,False,False,False,False,False,False,False,False,False,True,False,False,True
775,True,54.0,2.70805020110221,4,False,False,False,True,False,False,False,False,False,False,False,False,True,False,True,False
776,False,18.0,2.169053700369523,0,True,False,False,True,False,False,False,False,False,False,False,False,True,False,False,True
777,False,24.0,2.169053700369523,0,True,False,True,False,False,False,False,False,False,True,False,False,False,False,False,True
778,True,5.0,2.600836116795061,0,False,False,False,True,False,False,False,False,False,False,False,False,True,False,False,True
779,False,24.0,2.1676241075599285,0,True,False,True,False,False,False,False,False,False,False,False,False,True,False,False,True
780,True,43.0,5.35817698994543,1,False,False,False,True,False,True,False,False,False,False,False,False,False,True,False,False
781,True,13.0,2.1076888046179385,0,False,True,False,False,False,False,False,False,False,False,False,False,True,False,False,True
782,True,17.0,4.060443010546419,1,False,False,False,True,False,True,False,False,False,False,False,False,False,True,False,False
783,False,29.0,3.4339872044851463,0,True,False,False,True,False,False,False,True,False,False,False,False,False,True,False,False
784,False,24.0,3.196630215920881,3,True,False,False,True,False,False,False,False,False,False,False,False,True,False,False,True
785,False,25.0,2.085672091430472,0,True,False,False,True,False,False,False,False,False,False,False,False,True,False,False,True
786,False,25.0,2.1102132003465894,0,True,False,False,True,False,False,False,False,False,False,False,False,True,False,False,True
787,True,18.0,2.139571923732859,0,False,False,False,True,False,False,False,False,False,False,False,False,True,False,False,True
788,False,8.0,3.405355391810819,5,True,False,True,False,False,False,False,False,False,False,False,False,True,False,False,True
789,True,1.0,3.0715352369694915,3,True,False,False,True,False,False,False,False,False,False,False,False,True,False,False,True
790,False,46.0,4.115575906977352,0,True,True,False,False,False,True,False,False,False,False,False,False,False,True,False,False
791,False,24.0,2.169053700369523,0,True,False,True,False,False,False,False,False,False,False,False,False,True,False,False,True
792,False,16.0,3.295836866004329,0,True,False,False,True,False,False,False,False,False,False,False,False,True,False,True,False
793,False,24.0,4.256321678298823,10,False,False,False,True,False,False,False,False,False,False,False,False,True,False,False,True
794,False,37.0,3.4561841799918147,0,True,True,False,False,False,False,False,False,False,False,False,False,True,True,False,False
795,False,25.0,2.1855792552411137,0,True,False,False,True,False,False,False,False,False,False,False,False,True,False,False,True
796,False,39.0,2.639057329615259,0,True,False,False,True,False,False,False,False,False,False,False,False,True,False,True,False
797,True,49.0,3.2932111997353943,0,False,False,False,True,False,False,False,True,False,False,False,False,False,True,False,False
798,True,31.0,2.270402752283094,0,False,False,False,True,False,False,False,False,False,False,False,False,True,False,False,True
799,False,30.0,2.1076888046179385,0,True,True,False,False,False,False,False,False,False,False,False,False,True,False,False,True
800,False,30.0,3.224857896545748,2,False,False,False,True,False,False,False,False,False,False,False,False,True,False,False,True
801,False,34.0,2.639057329615259,0,True,False,False,True,False,False,False,False,False,False,False,False,True,False,True,False
802,True,31.0,3.305053521109253,2,False,False,False,True,False,False,False,False,False,False,False,False,True,False,True,False
803,True,11.0,4.115575906977352,3,True,False,False,True,False,True,False,False,False,False,False,False,False,True,False,False
804,True,0.42,2.2530481500547457,1,True,True,False,False,False,False,False,False,False,False,False,False,True,False,False,True
805,True,27.0,2.076311648670908,0,True,False,False,True,False,False,False,False,False,False,False,False,True,False,False,True
806,False,31.0,2.2027647577118348,0,True,False,False,True,False,False,False,False,False,False,False,False,True,False,False,True
807,False,39.0,0.0,0,True,False,False,True,True,False,False,False,False,False,False,False,False,True,False,False
808,False,18.0,2.1719067693519296,0,False,False,False,True,False,False,False,False,False,False,False,False,True,False,False,True
809,False,39.0,2.639057329615259,0,True,False,False,True,False,False,False,False,False,False,False,False,True,False,True,False
810,True,33.0,3.9908341858524357,1,False,False,False,True,False,False,False,False,True,False,False,False,False,True,False,False
811,False,26.0,2.1846457951293594,0,True,False,False,True,False,False,False,False,False,False,False,False,True,False,False,True
812,False,39.0,3.224857896545748,0,True,False,False,True,False,False,False,False,False,False,False,False,True,False,False,True
813,False,35.0,2.4423470353692043,0,True,False,False,True,False,False,False,False,False,False,False,False,True,False,True,False
814,False,6.0,2.2027647577118348,6,False,False,False,True,False,False,False,False,False,False,False,False,True,False,False,True
815,False,30.5,2.2027647577118348,0,True,False,False,True,False,False,False,False,False,False,False,False,True,False,False,True
816,False,37.0,0.0,0,True,False,False,True,False,True,False,False,False,False,False,False,False,True,False,False
817,False,23.0,2.188856327665703,0,False,False,False,True,False,False,False,False,False,False,False,False,True,False,False,True
818,False,31.0,3.637696679934592,2,True,True,False,False,False,False,False,False,False,False,False,False,True,False,True,False
819,False,43.0,2.0082140323914683,0,True,False,False,True,False,False,False,False,False,False,False,False,True,False,False,True
820,False,10.0,3.3638415951183864,5,True,False,False,True,False,False,False,False,False,False,False,False,True,False,False,True
821,True,52.0,4.548599834499697,2,False,False,False,True,False,True,False,False,False,False,False,False,False,True,False,False
822,True,27.0,2.2682524139135403,0,True,False,False,True,False,False,False,False,False,False,False,False,True,False,False,True
823,False,38.0,4.115575906977352,0,True,False,False,True,False,False,False,False,False,False,False,False,True,True,False,False
824,True,27.0,2.600836116795061,1,False,False,False,True,False,False,False,False,True,False,False,False,False,False,False,True
825,False,2.0,2.2027647577118348,5,True,False,False,True,False,False,False,False,False,False,False,False,True,False,False,True
826,False,24.0,2.2027647577118348,0,True,False,True,False,False,False,False,False,False,False,False,False,True,False,False,True
827,False,24.0,4.051711901657239,0,True,False,False,True,False,False,False,False,False,False,False,False,True,False,False,True
828,True,1.0,3.637696679934592,2,True,True,False,False,False,False,False,False,False,False,False,False,True,False,True,False
829,True,24.0,2.169053700369523,0,True,False,True,False,False,False,False,False,False,False,False,False,True,False,False,True
830,True,62.0,4.394449154672439,0,False,True,False,False,False,True,False,False,False,False,False,False,False,True,False,False
831,True,15.0,2.737880811060884,1,False,True,False,False,False,False,False,False,False,False,False,False,True,False,False,True
832,True,0.83,2.9831534913471307,2,True,False,False,True,False,False,False,False,False,False,False,False,True,False,True,False
833,False,24.0,2.1076888046179385,0,True,True,False,False,False,False,False,False,False,False,False,False,True,False,False,True
834,False,23.0,2.180891922715322,0,True,False,False,True,False,False,False,False,False,False,False,False,True,False,False,True
835,False,18.0,2.2027647577118348,0,True,False,False,True,False,False,False,False,False,False,False,False,True,False,False,True
836,True,39.0,4.432699549165613,2,False,True,False,False,False,False,False,False,True,False,False,False,False,True,False,False
837,False,21.0,2.2682524139135403,0,True,False,False,True,False,False,False,False,False,False,False,False,True,False,False,True
838,False,24.0,2.2027647577118348,0,True,False,False,True,False,False,False,False,False,False,False,False,True,False,False,True
839,True,32.0,4.051711901657239,0,True,False,False,True,False,False,False,False,False,False,False,False,True,False,False,True
840,True,37.0,3.4242626545931514,0,True,True,False,False,False,False,True,False,False,False,False,False,False,True,False,False
841,False,20.0,2.188856327665703,0,True,False,False,True,False,False,False,False,False,False,False,False,True,False,False,True
842,False,16.0,2.4423470353692043,0,True,False,False,True,False,False,False,False,False,False,False,False,True,False,True,False
843,True,30.0,3.4657359027997265,0,False,True,False,False,False,False,False,False,False,False,False,False,True,True,False,False
844,False,34.5,2.006534770871748,0,True,True,False,False,False,False,False,False,False,False,False,False,True,False,False,True
845,False,17.0,2.2027647577118348,0,True,False,False,True,False,False,False,False,False,False,False,False,True,False,False,True
846,False,42.0,2.2027647577118348,0,True,False,False,True,False,False,False,False,False,False,False,False,True,False,False,True
847,False,24.0,4.256321678298823,10,True,False,False,True,False,False,False,False,False,False,False,False,True,False,False,True
848,False,35.0,2.1855792552411137,0,True,True,False,False,False,False,False,False,False,False,False,False,True,False,False,True
849,False,28.0,3.5263605246161616,1,True,False,False,True,False,False,False,False,False,False,False,False,True,False,True,False
850,True,37.0,4.500966778400217,1,False,True,False,False,False,False,True,False,False,False,False,False,False,True,False,False
851,False,4.0,3.4742929367327062,6,True,False,False,True,False,False,False,False,False,False,False,False,True,False,False,True
852,False,74.0,2.1719067693519296,0,True,False,False,True,False,False,False,False,False,False,False,False,True,False,False,True
853,False,9.0,2.7878344138303452,2,False,True,False,False,False,False,False,False,False,False,False,False,True,False,False,True
854,True,16.0,3.6988297849671046,1,False,False,False,True,False,False,False,True,False,False,False,False,False,True,False,False
855,False,44.0,3.295836866004329,1,False,False,False,True,False,False,False,False,False,False,False,False,True,False,True,False
856,True,18.0,2.336986519711378,1,False,False,False,True,False,False,False,False,False,False,False,False,True,False,False,True
857,True,45.0,5.11118445372147,2,False,False,False,True,False,False,False,False,False,False,False,False,True,True,False,False
858,True,51.0,4.115575906977352,0,True,False,False,True,False,False,False,False,True,False,False,False,False,True,False,False
859,True,24.0,3.0085645861193133,3,False,True,False,False,False,False,False,False,False,False,False,False,True,False,False,True
860,False,24.0,2.2027647577118348,0,True,True,False,False,False,False,False,False,False,False,False,False,True,False,False,True
861,False,41.0,2.2027647577118348,2,True,False,False,True,False,False,False,False,False,False,False,False,True,False,False,True
862,False,21.0,2.5257286443082556,1,True,False,False,True,False,False,False,False,False,False,False,False,True,False,True,False
863,True,48.0,3.2932111997353943,0,False,False,False,True,False,False,False,True,False,False,False,False,False,True,False,False
864,False,24.0,4.256321678298823,10,False,False,False,True,False,False,False,False,False,False,False,False,True,False,False,True
865,False,24.0,2.639057329615259,0,True,False,False,True,False,False,False,False,False,False,False,False,True,False,True,False
866,True,42.0,2.639057329615259,0,False,False,False,True,False,False,False,False,False,False,False,False,True,False,True,False
867,True,27.0,2.698558631668595,1,False,True,False,False,False,False,False,False,False,False,False,False,True,False,True,False
868,False,31.0,3.941500250945973,0,True,False,False,True,True,False,False,False,False,False,False,False,False,True,False,False
869,False,24.0,2.3513752571634776,0,True,False,False,True,False,False,False,False,False,False,False,False,True,False,False,True
870,True,4.0,2.4959537387180646,2,True,False,False,True,False,False,False,False,False,False,False,False,True,False,False,True
871,False,26.0,2.1855792552411137,0,True,False,False,True,False,False,False,False,False,False,False,False,True,False,False,True
872,True,47.0,3.9806942251907276,2,False,False,False,True,False,False,False,True,False,False,False,False,False,True,False,False
873,False,33.0,4.115575906977352,0,True,False,False,True,False,True,False,False,False,False,False,False,False,True,False,False
874,False,47.0,2.302585092994046,0,True,False,False,True,False,False,False,False,False,False,False,False,True,False,False,True
875,True,28.0,3.2188758248682006,1,False,True,False,False,False,False,False,False,False,False,False,False,True,False,True,False
876,True,15.0,2.2027647577118348,0,False,True,False,False,False,False,False,False,False,False,False,False,True,False,False,True
877,False,20.0,2.2027647577118348,0,True,False,False,True,False,False,False,False,False,False,False,False,True,False,False,True
878,False,19.0,2.1855792552411137,0,True,False,False,True,False,False,False,False,False,False,False,False,True,False,False,True
879,False,24.0,2.1855792552411137,0,True,False,False,True,False,False,False,False,False,False,False,False,True,False,False,True
880,True,56.0,4.432699549165613,1,False,True,False,False,False,False,True,False,False,False,False,False,False,True,False,False
881,True,25.0,3.295836866004329,1,False,False,False,True,False,False,False,False,False,False,False,False,True,False,True,False
882,False,33.0,2.1855792552411137,0,True,False,False,True,False,False,False,False,False,False,False,False,True,False,False,True
883,False,22.0,2.4437981558973862,0,False,False,False,True,False,False,False,False,False,False,False,False,True,False,False,True
884,False,28.0,2.4423470353692043,0,True,False,False,True,False,False,False,False,False,False,False,False,True,False,True,False
885,False,25.0,2.085672091430472,0,True,False,False,True,False,False,False,False,False,False,False,False,True,False,False,True
886,False,39.0,2.2027647577118348,5,False,False,True,False,False,False,False,False,False,False,False,False,True,False,False,True
887,False,27.0,2.639057329615259,0,True,False,False,True,False,False,False,False,False,False,False,False,True,False,True,False
888,True,19.0,3.4339872044851463,0,False,False,False,True,False,True,False,False,False,False,False,False,False,True,False,False
889,False,24.0,3.196630215920881,3,False,False,False,True,False,False,False,False,False,False,False,False,True,False,False,True
890,True,26.0,3.4339872044851463,0,True,True,False,False,False,False,True,False,False,False,False,False,False,True,False,False
891,False,32.0,2.169053700369523,0,True,False,True,False,False,False,False,False,False,False,False,False,True,False,False,True
