PassengerId,Survived,Age,Fare,Family,IsMale,Embarked_C,Embarked_Q,Embarked_S,Location_A,Location_B,Location_C,Location_D,Location_E,Location_F,Location_G,Location_T,Location_U,Pclass_1,Pclass_2,Pclass_3
1,False,22.0,7.25,1,True,False,False,True,False,False,False,False,False,False,False,False,True,False,False,True
2,True,38.0,71.2833,1,False,True,False,False,False,False,True,False,False,False,False,False,False,True,False,False
3,True,26.0,7.925,0,False,False,False,True,False,False,False,False,False,False,False,False,True,False,False,True
4,True,35.0,53.1,1,False,False,False,True,False,False,True,False,False,False,False,False,False,True,False,False
5,False,35.0,8.05,0,True,False,False,True,False,False,False,False,False,False,False,False,True,False,False,True
6,False,24.0,8.4583,0,True,False,True,False,False,False,False,False,False,False,False,False,True,False,False,True
7,False,54.0,51.8625,0,True,False,False,True,False,False,False,False,True,False,False,False,False,True,False,False
8,False,2.0,21.075,4,True,False,False,True,False,False,False,False,False,False,False,False,True,False,False,True
9,True,27.0,8.05,2,False,False,False,True,False,False,False,False,False,False,False,False,True,False,False,True
10,True,14.0,30.0708,1,False,True,False,False,False,False,False,False,False,False,False,False,True,False,True,False
11,True,4.0,8.05,2,False,False,False,True,False,False,False,False,False,False,True,False,False,False,False,True
12,True,58.0,26.55,0,False,False,False,True,False,False,True,False,False,False,False,False,False,True,False,False
13,False,20.0,8.05,0,True,False,False,True,False,False,False,False,False,False,False,False,True,False,False,True
14,False,39.0,31.275,6,True,False,False,True,False,False,False,False,False,False,False,False,True,False,False,True
15,False,14.0,7.8542,0,False,False,False,True,False,False,False,False,False,False,False,False,True,False,False,True
16,True,55.0,16.0,0,False,False,False,True,False,False,False,False,False,False,False,False,True,False,True,False
17,False,2.0,29.125,5,True,False,True,False,False,False,False,False,False,False,False,False,True,False,False,True
18,True,29.0,13.0,0,True,False,False,True,False,False,False,False,False,False,False,False,True,False,True,False
19,False,31.0,18.0,1,False,False,False,True,False,False,False,False,False,False,False,False,True,False,False,True
20,True,24.0,7.225,0,False,True,False,False,False,False,False,False,False,False,False,False,True,False,False,True
21,False,35.0,26.0,0,True,False,False,True,False,False,False,False,False,False,False,False,True,False,True,False
22,True,34.0,13.0,0,True,False,False,True,False,False,False,True,False,False,False,False,False,False,True,False
23,True,15.0,8.0292,0,False,False,True,False,False,False,False,False,False,False,False,False,True,False,False,True
24,True,28.0,35.5,0,True,False,False,True,True,False,False,False,False,False,False,False,False,True,False,False
25,False,8.0,21.075,4,False,False,False,True,False,False,False,False,False,False,False,False,True,False,False,True
26,True,38.0,31.3875,6,False,False,False,True,False,False,False,False,False,False,False,False,True,False,False,True
27,False,24.0,7.225,0,True,True,False,False,False,False,False,False,False,False,False,False,True,False,False,True
28,False,19.0,263.0,5,True,False,False,True,False,False,True,False,False,False,False,False,False,True,False,False
29,True,24.0,7.8792,0,False,False,True,False,False,False,False,False,False,False,False,False,True,False,False,True
30,False,24.0,7.8958,0,True,False,False,True,False,False,False,False,False,False,False,False,True,False,False,True
31,False,40.0,27.7208,0,True,True,False,False,False,False,False,False,False,False,False,False,True,True,False,False
32,True,37.0,146.5208,1,False,True,False,False,False,True,False,False,False,False,False,False,False,True,False,False
33,True,24.0,7.75,0,False,False,True,False,False,False,False,False,False,False,False,False,True,False,False,True
34,False,66.0,10.5,0,True,False,False,True,False,False,False,False,False,False,False,False,True,False,True,False
35,False,28.0,60.287499999999994,1,True,True,False,False,False,False,False,False,False,False,False,False,True,True,False,False
36,False,42.0,52.0,1,True,False,False,True,False,False,False,False,False,False,False,False,True,True,False,False
37,True,24.0,7.2292,0,True,True,False,False,False,False,False,False,False,False,False,False,True,False,False,True
38,False,21.0,8.05,0,True,False,False,True,False,False,False,False,False,False,False,False,True,False,False,True
39,False,18.0,18.0,2,False,False,False,True,False,False,False,False,False,False,False,False,True,False,False,True
40,True,14.0,11.2417,1,False,True,False,False,False,False,False,False,False,False,False,False,True,False,False,True
41,False,40.0,9.475,1,False,False,False,True,False,False,False,False,False,False,False,False,True,False,False,True
42,False,27.0,21.0,1,False,False,False,True,False,False,False,False,False,False,False,False,True,False,True,False
43,False,24.0,7.8958,0,True,True,False,False,False,False,False,False,False,False,False,False,True,False,False,True
44,True,3.0,41.5792,3,False,True,False,False,False,False,False,False,False,False,False,False,True,False,True,False
45,True,19.0,7.8792,0,False,False,True,False,False,False,False,False,False,False,False,False,True,False,False,True
46,False,24.0,8.05,0,True,False,False,True,False,False,False,False,False,False,False,False,True,False,False,True
47,False,24.0,15.5,1,True,False,True,False,False,False,False,False,False,False,False,False,True,False,False,True
48,True,24.0,7.75,0,False,False,True,False,False,False,False,False,False,False,False,False,True,False,False,True
49,False,24.0,21.6792,2,True,True,False,False,False,False,False,False,False,False,False,False,True,False,False,True
50,False,18.0,17.8,1,False,False,False,True,False,False,False,False,False,False,False,False,True,False,False,True
51,False,7.0,39.6875,5,True,False,False,True,False,False,False,False,False,False,False,False,True,False,False,True
52,False,21.0,7.8,0,True,False,False,True,False,False,False,False,False,False,False,False,True,False,False,True
53,True,49.0,76.7292,1,False,True,False,False,False,False,False,True,False,False,False,False,False,True,False,False
54,True,29.0,26.0,1,False,False,False,True,False,False,False,False,False,False,False,False,True,False,True,False
55,False,65.0,61.9792,1,True,True,False,False,False,True,False,False,False,False,False,False,False,True,False,False
56,True,37.0,35.5,0,True,False,False,True,False,False,True,False,False,False,False,False,False,True,False,False
57,True,21.0,10.5,0,False,False,False,True,False,False,False,False,False,False,False,False,True,False,True,False
58,False,28.5,7.2292,0,True,True,False,False,False,False,False,False,False,False,False,False,True,False,False,True
59,True,5.0,27.75,3,False,False,False,True,False,False,False,False,False,False,False,False,True,False,True,False
60,False,11.0,46.9,7,True,False,False,True,False,False,False,False,False,False,False,False,True,False,False,True
61,False,22.0,8.05,0,True,True,False,False,False,False,False,False,False,False,False,False,True,False,False,True
62,True,38.0,80.0,0,False,True,False,False,False,True,False,False,False,False,False,False,False,True,False,False
63,False,45.0,83.475,1,True,False,False,True,False,False,True,False,False,False,False,False,False,True,False,False
64,False,4.0,27.9,5,True,False,False,True,False,False,False,False,False,False,False,False,True,False,False,True
65,False,37.0,27.7208,0,True,True,False,False,False,False,False,False,False,False,False,False,True,True,False,False
66,True,24.0,15.2458,2,True,True,False,False,False,False,False,False,False,False,False,False,True,False,False,True
67,True,29.0,10.5,0,False,False,False,True,False,False,False,False,False,True,False,False,False,False,True,False
68,False,19.0,8.1583,0,True,False,False,True,False,False,False,False,False,False,False,False,True,False,False,True
69,True,17.0,7.925,6,False,False,False,True,False,False,False,False,False,False,False,False,True,False,False,True
70,False,26.0,8.6625,2,True,False,False,True,False,False,False,False,False,False,False,False,True,False,False,True
71,False,32.0,10.5,0,True,False,False,True,False,False,False,False,False,False,False,False,True,False,True,False
72,False,16.0,46.9,7,False,False,False,True,False,False,False,False,False,False,False,False,True,False,False,True
73,False,21.0,73.5,0,True,False,False,True,False,False,False,False,False,False,False,False,True,False,True,False
74,False,26.0,14.4542,1,True,True,False,False,False,False,False,False,False,False,False,False,True,False,False,True
75,True,32.0,56.4958,0,True,False,False,True,False,False,False,False,False,False,False,False,True,False,False,True
76,False,25.0,7.65,0,True,False,False,True,False,False,False,False,False,True,False,False,False,False,False,True
77,False,24.0,7.8958,0,True,False,False,True,False,False,False,False,False,False,False,False,True,False,False,True
78,False,24.0,8.05,0,True,False,False,True,False,False,False,False,False,False,False,False,True,False,False,True
79,True,0.83,29.0,2,True,False,False,True,False,False,False,False,False,False,False,False,True,False,True,False
80,True,30.0,12.475,0,False,False,False,True,False,False,False,False,False,False,False,False,True,False,False,True
81,False,22.0,9.0,0,True,False,False,True,False,False,False,False,False,False,False,False,True,False,False,True
82,True,29.0,9.5,0,True,False,False,True,False,False,False,False,False,False,False,False,True,False,False,True
83,True,24.0,7.7875,0,False,False,True,False,False,False,False,False,False,False,False,False,True,False,False,True
84,False,28.0,47.1,0,True,False,False,True,False,False,False,False,False,False,False,False,True,True,False,False
85,True,17.0,10.5,0,False,False,False,True,False,False,False,False,False,False,False,False,True,False,True,False
86,True,33.0,15.85,3,False,False,False,True,False,False,False,False,False,False,False,False,True,False,False,True
87,False,16.0,34.375,4,True,False,False,True,False,False,False,False,False,False,False,False,True,False,False,True
88,False,24.0,8.05,0,True,False,False,True,False,False,False,False,False,False,False,False,True,False,False,True
89,True,23.0,263.0,5,False,False,False,True,False,False,True,False,False,False,False,False,False,True,False,False
90,False,24.0,8.05,0,True,False,False,True,False,False,False,False,False,False,False,False,True,False,False,True
91,False,29.0,8.05,0,True,False,False,True,False,False,False,False,False,False,False,False,True,False,False,True
92,False,20.0,7.8542,0,True,False,False,True,False,False,False,False,False,False,False,False,True,False,False,True
93,False,46.0,61.175,1,True,False,False,True,False,False,False,False,True,False,False,False,False,True,False,False
94,False,26.0,20.575,3,True,False,False,True,False,False,False,False,False,False,False,False,True,False,False,True
95,False,59.0,7.25,0,True,False,False,True,False,False,False,False,False,False,False,False,True,False,False,True
96,False,24.0,8.05,0,True,False,False,True,False,False,False,False,False,False,False,False,True,False,False,True
97,False,71.0,34.6542,0,True,True,False,False,True,False,False,False,False,False,False,False,False,True,False,False
98,True,23.0,63.3583,1,True,True,False,False,False,False,False,True,False,False,False,False,False,True,False,False
99,True,34.0,23.0,1,False,False,False,True,False,False,False,False,False,False,False,False,True,False,True,False
100,False,34.0,26.0,1,True,False,False,True,False,False,False,False,False,False,False,False,True,False,True,False
101,False,28.0,7.8958,0,False,False,False,True,False,False,False,False,False,False,False,False,True,False,False,True
102,False,24.0,8.05,0,True,False,False,True,False,False,False,False,False,False,False,False,True,False,False,True
103,False,21.0,77.2875,1,True,False,False,True,False,False,False,True,False,False,False,False,False,True,False,False
104,False,33.0,8.6542,0,True,False,False,True,False,False,False,False,False,False,False,False,True,False,False,True
105,False,37.0,7.925,2,True,False,False,True,False,False,False,False,False,False,False,False,True,False,False,True
106,False,28.0,7.8958,0,True,False,False,True,False,False,False,False,False,False,False,False,True,False,False,True
107,True,21.0,7.65,0,False,False,False,True,False,False,False,False,False,False,False,False,True,False,False,True
108,True,24.0,7.775,0,True,False,False,True,False,False,False,False,False,False,False,False,True,False,False,True
109,False,38.0,7.8958,0,True,False,False,True,False,False,False,False,False,False,False,False,True,False,False,True
110,True,24.0,24.15,1,False,False,True,False,False,False,False,False,False,False,False,False,True,False,False,True
111,False,47.0,60.287499999999994,0,True,False,False,True,False,False,True,False,False,False,False,False,False,True,False,False
112,False,14.5,14.4542,1,False,True,False,False,False,False,False,False,False,False,False,False,True,False,False,True
113,False,22.0,8.05,0,True,False,False,True,False,False,False,False,False,False,False,False,True,False,False,True
114,False,20.0,9.825,1,False,False,False,True,False,False,False,False,False,False,False,False,True,False,False,True
115,False,17.0,14.4583,0,False,True,False,False,False,False,False,False,False,False,False,False,True,False,False,True
116,False,21.0,8.05,0,True,False,False,True,False,False,False,False,False,False,False,False,True,False,False,True
117,False,70.5,7.75,0,True,False,True,False,False,False,False,False,False,False,False,False,True,False,False,True
118,False,29.0,21.0,1,True,False,False,True,False,False,False,False,False,False,False,False,True,False,True,False
119,False,24.0,247.5208,1,True,True,False,False,False,True,False,False,False,False,False,False,False,True,False,False
120,False,2.0,31.275,6,False,False,False,True,False,False,False,False,False,False,False,False,True,False,False,True
121,False,21.0,73.5,2,True,False,False,True,False,False,False,False,False,False,False,False,True,False,True,False
122,False,24.0,8.05,0,True,False,False,True,False,False,False,False,False,False,False,False,True,False,False,True
123,False,32.5,30.0708,1,True,True,False,False,False,False,False,False,False,False,False,False,True,False,True,False
124,True,32.5,13.0,0,False,False,False,True,False,False,False,False,True,False,False,False,False,False,True,False
125,False,54.0,77.2875,1,True,False,False,True,False,False,False,True,False,False,False,False,False,True,False,False
126,True,12.0,11.2417,1,True,True,False,False,False,False,False,False,False,False,False,False,True,False,False,True
127,False,24.0,7.75,0,True,False,True,False,False,False,False,False,False,False,False,False,True,False,False,True
128,True,24.0,7.1417,0,True,False,False,True,False,False,False,False,False,False,False,False,True,False,False,True
129,True,24.0,22.3583,2,False,True,False,False,False,False,False,False,False,True,False,False,False,False,False,True
130,False,45.0,6.975,0,True,False,False,True,False,False,False,False,False,False,False,False,True,False,False,True
131,False,33.0,8.05,0,True,True,False,False,False,False,False,False,False,False,False,False,True,False,False,True
132,False,20.0,7.05,0,True,False,False,True,False,False,False,False,False,False,False,False,True,False,False,True
133,False,47.0,8.05,1,False,False,False,True,False,False,False,False,False,False,False,False,True,False,False,True
134,True,29.0,26.0,1,False,False,False,True,False,False,False,False,False,False,False,False,True,False,True,False
135,False,25.0,13.0,0,True,False,False,True,False,False,False,False,False,False,False,False,True,False,True,False
136,False,23.0,15.0458,0,True,True,False,False,False,False,False,False,False,False,False,False,True,False,True,False
137,True,19.0,26.2833,2,False,False,False,True,False,False,False,True,False,False,False,False,False,True,False,False
138,False,37.0,53.1,1,True,False,False,True,False,False,True,False,False,False,False,False,False,True,False,False
139,False,16.0,8.05,0,True,False,False,True,False,False,False,False,False,False,False,False,True,False,False,True
140,False,24.0,60.287499999999994,0,True,True,False,False,False,True,False,False,False,False,False,False,False,True,False,False
141,False,24.0,15.2458,2,False,True,False,False,False,False,False,False,False,False,False,False,True,False,False,True
142,True,22.0,7.75,0,False,False,False,True,False,False,False,False,False,False,False,False,True,False,False,True
143,True,24.0,15.85,1,False,False,False,True,False,False,False,False,False,False,False,False,True,False,False,True
144,False,19.0,6.75,0,True,False,True,False,False,False,False,False,False,False,False,False,True,False,False,True
145,False,18.0,14.0,0,True,False,False,True,False,False,False,False,False,False,False,False,True,False,True,False
146,False,19.0,36.75,2,True,False,False,True,False,False,False,False,False,False,False,False,True,False,True,False
147,True,27.0,7.7958,0,True,False,False,True,False,False,False,False,False,False,False,False,True,False,False,True
148,False,9.0,34.375,4,False,False,False,True,False,False,False,False,False,False,False,False,True,False,False,True
149,False,36.5,26.0,2,True,False,False,True,False,False,False,False,False,True,False,False,False,False,True,False
150,False,42.0,13.0,0,True,False,False,True,False,False,False,False,False,False,False,False,True,False,True,False
151,False,51.0,12.525,0,True,False,False,True,False,False,False,False,False,False,False,False,True,False,True,False
152,True,22.0,60.287499999999994,1,False,False,False,True,False,False,True,False,False,False,False,False,False,True,False,False
153,False,55.5,8.05,0,True,False,False,True,False,False,False,False,False,False,False,False,True,False,False,True
154,False,40.5,14.5,2,True,False,False,True,False,False,False,False,False,False,False,False,True,False,False,True
155,False,24.0,7.3125,0,True,False,False,True,False,False,False,False,False,False,False,False,True,False,False,True
156,False,51.0,60.287499999999994,1,True,True,False,False,False,False,False,False,False,False,False,False,True,True,False,False
157,True,16.0,7.7333,0,False,False,True,False,False,False,False,False,False,False,False,False,True,False,False,True
158,False,30.0,8.05,0,True,False,False,True,False,False,False,False,False,False,False,False,True,False,False,True
159,False,24.0,8.6625,0,True,False,False,True,False,False,False,False,False,False,False,False,True,False,False,True
160,False,24.0,69.55,10,True,False,False,True,False,False,False,False,False,False,False,False,True,False,False,True
161,False,44.0,16.1,1,True,False,False,True,False,False,False,False,False,False,False,False,True,False,False,True
162,True,40.0,15.75,0,False,False,False,True,False,False,False,False,False,False,False,False,True,False,True,False
163,False,26.0,7.775,0,True,False,False,True,False,False,False,False,False,False,False,False,True,False,False,True
164,False,17.0,8.6625,0,True,False,False,True,False,False,False,False,False,False,False,False,True,False,False,True
165,False,1.0,39.6875,5,True,False,False,True,False,False,False,False,False,False,False,False,True,False,False,True
166,True,9.0,20.525,2,True,False,False,True,False,False,False,False,False,False,False,False,True,False,False,True
167,True,37.0,55.0,1,False,False,False,True,False,False,False,False,True,False,False,False,False,True,False,False
168,False,45.0,27.9,5,False,False,False,True,False,False,False,False,False,False,False,False,True,False,False,True
169,False,37.0,25.925,0,True,False,False,True,False,False,False,False,False,False,False,False,True,True,False,False
170,False,28.0,56.4958,0,True,False,False,True,False,False,False,False,False,False,False,False,True,False,False,True
171,False,61.0,33.5,0,True,False,False,True,False,True,False,False,False,False,False,False,False,True,False,False
172,False,4.0,29.125,5,True,False,True,False,False,False,False,False,False,False,False,False,True,False,False,True
173,True,1.0,11.1333,2,False,False,False,True,False,False,False,False,False,False,False,False,True,False,False,True
174,False,21.0,7.925,0,True,False,False,True,False,False,False,False,False,False,False,False,True,False,False,True
175,False,56.0,30.6958,0,True,True,False,False,True,False,False,False,False,False,False,False,False,True,False,False
176,False,18.0,7.8542,2,True,False,False,True,False,False,False,False,False,False,False,False,True,False,False,True
177,False,24.0,25.4667,4,True,False,False,True,False,False,False,False,False,False,False,False,True,False,False,True
178,False,50.0,28.7125,0,False,True,False,False,False,False,True,False,False,False,False,False,False,True,False,False
179,False,30.0,14.0,0,True,False,False,True,False,False,False,False,False,False,False,False,True,False,True,False
180,False,36.0,0.0,0,True,False,False,True,False,False,False,False,False,False,False,False,True,False,False,True
181,False,24.0,69.55,10,False,False,False,True,False,False,False,False,False,False,False,False,True,False,False,True
182,False,29.0,15.05,0,True,True,False,False,False,False,False,False,False,False,False,False,True,False,True,False
183,False,9.0,31.3875,6,True,False,False,True,False,False,False,False,False,False,False,False,True,False,False,True
184,True,1.0,39.0,3,True,False,False,True,False,False,False,False,False,True,False,False,False,False,True,False
185,True,4.0,22.025,2,False,False,False,True,False,False,False,False,False,False,False,False,True,False,False,True
186,False,37.0,50.0,0,True,False,False,True,True,False,False,False,False,False,False,False,False,True,False,False
187,True,24.0,8.05,1,False,False,True,False,False,False,False,False,False,False,False,False,True,False,False,True
188,True,45.0,26.55,0,True,False,False,True,False,False,False,False,False,False,False,False,True,True,False,False
189,False,40.0,15.5,2,True,False,True,False,False,False,False,False,False,False,False,False,True,False,False,True
190,False,36.0,7.8958,0,True,False,False,True,False,False,False,False,False,False,False,False,True,False,False,True
191,True,32.0,13.0,0,False,False,False,True,False,False,False,False,False,False,False,False,True,False,True,False
192,False,19.0,13.0,0,True,False,False,True,False,False,False,False,False,False,False,False,True,False,True,False
193,True,19.0,7.8542,1,False,False,False,True,False,False,False,False,False,False,False,False,True,False,False,True
194,True,3.0,26.0,2,True,False,False,True,False,False,False,False,False,True,False,False,False,False,True,False
195,True,44.0,60.287499999999994,0,False,True,False,False,False,True,False,False,False,False,False,False,False,True,False,False
196,True,58.0,146.5208,0,False,True,False,False,False,True,False,False,False,False,False,False,False,True,False,False
197,False,24.0,7.75,0,True,False,True,False,False,False,False,False,False,False,False,False,True,False,False,True
198,False,42.0,8.05,1,True,False,False,True,False,False,False,False,False,False,False,False,True,False,False,True
199,True,24.0,7.75,0,False,False,True,False,False,False,False,False,False,False,False,False,True,False,False,True
200,False,24.0,13.0,0,False,False,False,True,False,False,False,False,False,False,False,False,True,False,True,False
201,False,28.0,9.5,0,True,False,False,True,False,False,False,False,False,False,False,False,True,False,False,True
202,False,24.0,69.55,10,True,False,False,True,False,False,False,False,False,False,False,False,True,False,False,True
203,False,34.0,6.4958,0,True,False,False,True,False,False,False,False,False,False,False,False,True,False,False,True
204,False,45.5,7.225,0,True,True,False,False,False,False,False,False,False,False,False,False,True,False,False,True
205,True,18.0,8.05,0,True,False,False,True,False,False,False,False,False,False,False,False,True,False,False,True
206,False,2.0,8.05,1,False,False,False,True,False,False,False,False,False,False,True,False,False,False,False,True
207,False,32.0,15.85,1,True,False,False,True,False,False,False,False,False,False,False,False,True,False,False,True
208,True,26.0,18.7875,0,True,True,False,False,False,False,False,False,False,False,False,False,True,False,False,True
209,True,16.0,8.05,0,False,False,True,False,False,False,False,False,False,False,False,False,True,False,False,True
210,True,40.0,31.0,0,True,True,False,False,True,False,False,False,False,False,False,False,False,True,False,False
211,False,24.0,7.05,0,True,False,False,True,False,False,False,False,False,False,False,False,True,False,False,True
212,True,35.0,21.0,0,False,False,False,True,False,False,False,False,False,False,False,False,True,False,True,False
213,False,22.0,7.25,0,True,False,False,True,False,False,False,False,False,False,False,False,True,False,False,True
214,False,30.0,13.0,0,True,False,False,True,False,False,False,False,False,False,False,False,True,False,True,False
215,False,24.0,7.75,1,True,False,True,False,False,False,False,False,False,False,False,False,True,False,False,True
216,True,31.0,113.275,1,False,True,False,False,False,False,False,True,False,False,False,False,False,True,False,False
217,True,27.0,7.925,0,False,False,False,True,False,False,False,False,False,False,False,False,True,False,False,True
218,False,42.0,27.0,1,True,False,False,True,False,False,False,False,False,False,False,False,True,False,True,False
219,True,32.0,76.2917,0,False,True,False,False,False,False,False,True,False,False,False,False,False,True,False,False
220,False,30.0,10.5,0,True,False,False,True,False,False,False,False,False,False,False,False,True,False,True,False
221,True,16.0,8.05,0,True,False,False,True,False,False,False,False,False,False,False,False,True,False,False,True
222,False,27.0,14.0,0,True,False,False,True,False,False,False,False,False,False,False,False,True,False,True,False
223,False,51.0,8.05,0,True,False,False,True,False,False,False,False,False,False,False,False,True,False,False,True
224,False,24.0,7.8958,0,True,False,False,True,False,False,False,False,False,False,False,False,True,False,False,True
225,True,38.0,90.0,1,True,False,False,True,False,False,True,False,False,False,False,False,False,True,False,False
226,False,22.0,9.35,0,True,False,False,True,False,False,False,False,False,False,False,False,True,False,False,True
227,True,19.0,10.5,0,True,False,False,True,False,False,False,False,False,False,False,False,True,False,True,False
228,False,20.5,7.25,0,True,False,False,True,False,False,False,False,False,False,False,False,True,False,False,True
229,False,18.0,13.0,0,True,False,False,True,False,False,False,False,False,False,False,False,True,False,True,False
230,False,24.0,25.4667,4,False,False,False,True,False,False,False,False,False,False,False,False,True,False,False,True
231,True,35.0,83.475,1,False,False,False,True,False,False,True,False,False,False,False,False,False,True,False,False
232,False,29.0,7.775,0,True,False,False,True,False,False,False,False,False,False,False,False,True,False,False,True
233,False,59.0,13.5,0,True,False,False,True,False,False,False,False,False,False,False,False,True,False,True,False
234,True,5.0,31.3875,6,False,False,False,True,False,False,False,False,False,False,False,False,True,False,False,True
235,False,24.0,10.5,0,True,False,False,True,False,False,False,False,False,False,False,False,True,False,True,False
236,False,24.0,7.55,0,False,False,False,True,False,False,False,False,False,False,False,False,True,False,False,True
237,False,44.0,26.0,1,True,False,False,True,False,False,False,False,False,False,False,False,True,False,True,False
238,True,8.0,26.25,2,False,False,False,True,False,False,False,False,False,False,False,False,True,False,True,False
239,False,19.0,10.5,0,True,False,False,True,False,False,False,False,False,False,False,False,True,False,True,False
240,False,33.0,12.275,0,True,False,False,True,False,False,False,False,False,False,False,False,True,False,True,False
241,False,24.0,14.4542,1,False,True,False,False,False,False,False,False,False,False,False,False,True,False,False,True
242,True,24.0,15.5,1,False,False,True,False,False,False,False,False,False,False,False,False,True,False,False,True
243,False,29.0,10.5,0,True,False,False,True,False,False,False,False,False,False,False,False,True,False,True,False
244,False,22.0,7.125,0,True,False,False,True,False,False,False,False,False,False,False,False,True,False,False,True
245,False,30.0,7.225,0,True,True,False,False,False,False,False,False,False,False,False,False,True,False,False,True
246,False,44.0,90.0,2,True,False,True,False,False,False,True,False,False,False,False,False,False,True,False,False
247,False,25.0,7.775,0,False,False,False,True,False,False,False,False,False,False,False,False,True,False,False,True
248,True,24.0,14.5,2,False,False,False,True,False,False,False,False,False,False,False,False,True,False,True,False
249,True,37.0,52.5542,2,True,False,False,True,False,False,False,True,False,False,False,False,False,True,False,False
250,False,54.0,14.0,1,True,False,False,True,False,False,False,False,False,False,False,False,True,False,True,False
251,False,24.0,8.05,0,True,False,False,True,False,False,False,False,False,False,False,False,True,False,False,True
252,False,29.0,10.4625,2,False,False,False,True,False,False,False,False,False,False,True,False,False,False,False,True
253,False,62.0,26.55,0,True,False,False,True,False,False,True,False,False,False,False,False,False,True,False,False
254,False,30.0,16.1,1,True,False,False,True,False,False,False,False,False,False,False,False,True,False,False,True
255,False,41.0,20.2125,2,False,False,False,True,False,False,False,False,False,False,False,False,True,False,False,True
256,True,29.0,15.2458,2,False,True,False,False,False,False,False,False,False,False,False,False,True,False,False,True
257,True,37.0,79.2,0,False,True,False,False,False,False,False,False,False,False,False,False,True,True,False,False
258,True,30.0,60.287499999999994,0,False,False,False,True,False,True,False,False,False,False,False,False,False,True,False,False
259,True,35.0,512.3292,0,False,True,False,False,False,False,False,False,False,False,False,False,True,True,False,False
260,True,50.0,26.0,1,False,False,False,True,False,False,False,False,False,False,False,False,True,False,True,False
261,False,24.0,7.75,0,True,False,True,False,False,False,False,False,False,False,False,False,True,False,False,True
262,True,3.0,31.3875,6,True,False,False,True,False,False,False,False,False,False,False,False,True,False,False,True
263,False,52.0,79.65,2,True,False,False,True,False,False,False,False,True,False,False,False,False,True,False,False
264,False,40.0,60.287499999999994,0,True,False,False,True,False,True,False,False,False,False,False,False,False,True,False,False
265,False,24.0,7.75,0,False,False,True,False,False,False,False,False,False,False,False,False,True,False,False,True
266,False,36.0,10.5,0,True,False,False,True,False,False,False,False,False,False,False,False,True,False,True,False
267,False,16.0,39.6875,5,True,False,False,True,False,False,False,False,False,False,False,False,True,False,False,True
268,True,25.0,7.775,1,True,False,False,True,False,False,False,False,False,False,False,False,True,False,False,True
269,True,58.0,153.4625,1,False,False,False,True,False,False,True,False,False,False,False,False,False,True,False,False
270,True,35.0,135.6333,0,False,False,False,True,False,False,True,False,False,False,False,False,False,True,False,False
271,False,37.0,60.287499999999994,0,True,False,False,True,False,False,False,False,False,False,False,False,True,True,False,False
272,True,25.0,0.0,0,True,False,False,True,False,False,False,False,False,False,False,False,True,False,False,True
273,True,41.0,19.5,1,False,False,False,True,False,False,False,False,False,False,False,False,True,False,True,False
274,False,37.0,29.7,1,True,True,False,False,False,False,True,False,False,False,False,False,False,True,False,False
275,True,24.0,7.75,0,False,False,True,False,False,False,False,False,False,False,False,False,True,False,False,True
276,True,63.0,77.9583,1,False,False,False,True,False,False,False,True,False,False,False,False,False,True,False,False
277,False,45.0,7.75,0,False,False,False,True,False,False,False,False,False,False,False,False,True,False,False,True
278,False,29.0,0.0,0,True,False,False,True,False,False,False,False,False,False,False,False,True,False,True,False
279,False,7.0,29.125,5,True,False,True,False,False,False,False,False,False,False,False,False,True,False,False,True
280,True,35.0,20.25,2,False,False,False,True,False,False,False,False,False,False,False,False,True,False,False,True
281,False,65.0,7.75,0,True,False,True,False,False,False,False,False,False,False,False,False,True,False,False,True
282,False,28.0,7.8542,0,True,False,False,True,False,False,False,False,False,False,False,False,True,False,False,True
283,False,16.0,9.5,0,True,False,False,True,False,False,False,False,False,False,False,False,True,False,False,True
284,True,19.0,8.05,0,True,False,False,True,False,False,False,False,False,False,False,False,True,False,False,True
285,False,37.0,26.0,0,True,False,False,True,True,False,False,False,False,False,False,False,False,True,False,False
286,False,33.0,8.6625,0,True,True,False,False,False,False,False,False,False,False,False,False,True,False,False,True
287,True,30.0,9.5,0,True,False,False,True,False,False,False,False,False,False,False,False,True,False,False,True
288,False,22.0,7.8958,0,True,False,False,True,False,False,False,False,False,False,False,False,True,False,False,True
289,True,42.0,13.0,0,True,False,False,True,False,False,False,False,False,False,False,False,True,False,True,False
290,True,22.0,7.75,0,False,False,True,False,False,False,False,False,False,False,False,False,True,False,False,True
291,True,26.0,78.85,0,False,False,False,True,False,False,False,False,False,False,False,False,True,True,False,False
292,True,19.0,91.0792,1,False,True,False,False,False,True,False,False,False,False,False,False,False,True,False,False
293,False,36.0,12.875,0,True,True,False,False,False,False,False,True,False,False,False,False,False,False,True,False
294,False,24.0,8.85,0,False,False,False,True,False,False,False,False,False,False,False,False,True,False,False,True
295,False,24.0,7.8958,0,True,False,False,True,False,False,False,False,False,False,False,False,True,False,False,True
296,False,37.0,27.7208,0,True,True,False,False,False,False,False,False,False,False,False,False,True,True,False,False
297,False,23.5,7.2292,0,True,True,False,False,False,False,False,False,False,False,False,False,True,False,False,True
298,False,2.0,151.55,3,False,False,False,True,False,False,True,False,False,False,False,False,False,True,False,False
299,True,37.0,30.5,0,True,False,False,True,False,False,True,False,False,False,False,False,False,True,False,False
300,True,50.0,247.5208,1,False,True,False,False,False,True,False,False,False,False,False,False,False,True,False,False
301,True,24.0,7.75,0,False,False,True,False,False,False,False,False,False,False,False,False,True,False,False,True
302,True,24.0,23.25,2,True,False,True,False,False,False,False,False,False,False,False,False,True,False,False,True
303,False,19.0,0.0,0,True,False,False,True,False,False,False,False,False,False,False,False,True,False,False,True
304,True,29.0,14.0,0,False,False,True,False,False,False,False,False,True,False,False,False,False,False,True,False
305,False,24.0,8.05,0,True,False,False,True,False,False,False,False,False,False,False,False,True,False,False,True
306,True,0.92,151.55,3,True,False,False,True,False,False,True,False,False,False,False,False,False,True,False,False
307,True,37.0,110.8833,0,False,True,False,False,False,False,False,False,False,False,False,False,True,True,False,False
308,True,17.0,108.9,1,False,True,False,False,False,False,True,False,False,False,False,False,False,True,False,False
309,False,30.0,24.0,1,True,True,False,False,False,False,False,False,False,False,False,False,True,False,True,False
310,True,30.0,56.9292,0,False,True,False,False,False,False,False,False,True,False,False,False,False,True,False,False
311,True,24.0,83.1583,0,False,True,False,False,False,False,True,False,False,False,False,False,False,True,False,False
312,True,18.0,262.375,4,False,True,False,False,False,True,False,False,False,False,False,False,False,True,False,False
313,False,26.0,26.0,2,False,False,False,True,False,False,False,False,False,False,False,False,True,False,True,False
314,False,28.0,7.8958,0,True,False,False,True,False,False,False,False,False,False,False,False,True,False,False,True
315,False,43.0,26.25,2,True,False,False,True,False,False,False,False,False,False,False,False,True,False,True,False
316,True,26.0,8.05,0,False,False,False,True,False,False,False,False,False,False,False,False,True,False,False,True
317,True,24.0,26.0,1,False,False,False,True,False,False,False,False,False,False,False,False,True,False,True,False
318,False,54.0,14.0,0,True,False,False,True,False,False,False,False,False,False,False,False,True,False,True,False
319,True,31.0,164.8667,2,False,False,False,True,False,False,True,False,False,False,False,False,False,True,False,False
320,True,40.0,134.5,2,False,True,False,False,False,False,False,False,True,False,False,False,False,True,False,False
321,False,22.0,7.25,0,True,False,False,True,False,False,False,False,False,False,False,False,True,False,False,True
322,False,27.0,7.8958,0,True,False,False,True,False,False,False,False,False,False,False,False,True,False,False,True
323,True,30.0,12.35,0,False,False,True,False,False,False,False,False,False,False,False,False,True,False,True,False
324,True,22.0,29.0,2,False,False,False,True,False,False,False,False,False,False,False,False,True,False,True,False
325,False,24.0,69.55,10,True,False,False,True,False,False,False,False,False,False,False,False,True,False,False,True
326,True,36.0,135.6333,0,False,True,False,False,False,False,True,False,False,False,False,False,False,True,False,False
327,False,61.0,6.2375,0,True,False,False,True,False,False,False,False,False,False,False,False,True,False,False,True
328,True,36.0,13.0,0,False,False,False,True,False,False,False,True,False,False,False,False,False,False,True,False
329,True,31.0,8.05,2,False,False,False,True,False,False,False,False,False,False,False,False,True,False,False,True
330,True,16.0,57.9792,1,False,True,False,False,False,True,False,False,False,False,False,False,False,True,False,False
331,True,24.0,23.25,2,False,False,True,False,False,False,False,False,False,False,False,False,True,False,False,True
332,False,45.5,28.5,0,True,False,False,True,False,False,True,False,False,False,False,False,False,True,False,False
333,False,38.0,153.4625,1,True,False,False,True,False,False,True,False,False,False,False,False,False,True,False,False
334,False,16.0,18.0,2,True,False,False,True,False,False,False,False,False,False,False,False,True,False,False,True
335,True,37.0,133.65,1,False,False,False,True,False,False,False,False,False,False,False,False,True,True,False,False
336,False,24.0,7.8958,0,True,False,False,True,False,False,False,False,False,False,False,False,True,False,False,True
337,False,29.0,66.6,1,True,False,False,True,False,False,True,False,False,False,False,False,False,True,False,False
338,True,41.0,60.287499999999994,0,False,True,False,False,False,False,False,False,True,False,False,False,False,True,False,False
339,True,45.0,8.05,0,True,False,False,True,False,False,False,False,False,False,False,False,True,False,False,True
340,False,45.0,35.5,0,True,False,False,True,False,False,False,False,False,False,False,True,False,True,False,False
341,True,2.0,26.0,2,True,False,False,True,False,False,False,False,False,True,False,False,False,False,True,False
342,True,24.0,263.0,5,False,False,False,True,False,False,True,False,False,False,False,False,False,True,False,False
343,False,28.0,13.0,0,True,False,False,True,False,False,False,False,False,False,False,False,True,False,True,False
344,False,25.0,13.0,0,True,False,False,True,False,False,False,False,False,False,False,False,True,False,True,False
345,False,36.0,13.0,0,True,False,False,True,False,False,False,False,False,False,False,False,True,False,True,False
346,True,24.0,13.0,0,False,False,False,True,False,False,False,False,False,True,False,False,False,False,True,False
347,True,40.0,14.0,0,False,False,False,True,False,False,False,False,False,False,False,False,True,False,True,False
348,True,24.0,16.1,1,False,False,False,True,False,False,False,False,False,False,False,False,True,False,False,True
349,True,3.0,8.05,2,True,False,False,True,False,False,False,False,False,False,False,False,True,False,False,True
350,False,42.0,8.6625,0,True,False,False,True,False,False,False,False,False,False,False,False,True,False,False,True
351,False,23.0,9.225,0,True,False,False,True,False,False,False,False,False,False,False,False,True,False,False,True
352,False,37.0,35.0,0,True,False,False,True,False,False,True,False,False,False,False,False,False,True,False,False
353,False,15.0,7.2292,2,True,True,False,False,False,False,False,False,False,False,False,False,True,False,False,True
354,False,25.0,17.8,1,True,False,False,True,False,False,False,False,False,False,False,False,True,False,False,True
355,False,24.0,7.225,0,True,True,False,False,False,False,False,False,False,False,False,False,True,False,False,True
356,False,28.0,9.5,0,True,False,False,True,False,False,False,False,False,False,False,False,True,False,False,True
357,True,22.0,55.0,1,False,False,False,True,False,False,False,False,True,False,False,False,False,True,False,False
358,False,38.0,13.0,0,False,False,False,True,False,False,False,False,False,False,False,False,True,False,True,False
359,True,24.0,7.8792,0,False,False,True,False,False,False,False,False,False,False,False,False,True,False,False,True
360,True,24.0,7.8792,0,False,False,True,False,False,False,False,False,False,False,False,False,True,False,False,True
361,False,40.0,27.9,5,True,False,False,True,False,False,False,False,False,False,False,False,True,False,False,True
362,False,29.0,27.7208,1,True,True,False,False,False,False,False,False,False,False,False,False,True,False,True,False
363,False,45.0,14.4542,1,False,True,False,False,False,False,False,False,False,False,False,False,True,False,False,True
364,False,35.0,7.05,0,True,False,False,True,False,False,False,False,False,False,False,False,True,False,False,True
365,False,24.0,15.5,1,True,False,True,False,False,False,False,False,False,False,False,False,True,False,False,True
366,False,30.0,7.25,0,True,False,False,True,False,False,False,False,False,False,False,False,True,False,False,True
367,True,60.0,75.25,1,False,True,False,False,False,False,False,True,False,False,False,False,False,True,False,False
368,True,24.0,7.2292,0,False,True,False,False,False,False,False,False,False,False,False,False,True,False,False,True
369,True,24.0,7.75,0,False,False,True,False,False,False,False,False,False,False,False,False,True,False,False,True
370,True,24.0,69.3,0,False,True,False,False,False,True,False,False,False,False,False,False,False,True,False,False
371,True,25.0,55.4417,1,True,True,False,False,False,False,False,False,True,False,False,False,False,True,False,False
372,False,18.0,6.4958,1,True,False,False,True,False,False,False,False,False,False,False,False,True,False,False,True
373,False,19.0,8.05,0,True,False,False,True,False,False,False,False,False,False,False,False,True,False,False,True
374,False,22.0,135.6333,0,True,True,False,False,False,False,False,False,False,False,False,False,True,True,False,False
375,False,3.0,21.075,4,False,False,False,True,False,False,False,False,False,False,False,False,True,False,False,True
376,True,37.0,82.1708,1,False,True,False,False,False,False,False,False,False,False,False,False,True,True,False,False
377,True,22.0,7.25,0,False,False,False,True,False,False,False,False,False,False,False,False,True,False,False,True
378,False,27.0,211.5,2,True,True,False,False,False,False,True,False,False,False,False,False,False,True,False,False
379,False,20.0,4.0125,0,True,True,False,False,False,False,False,False,False,False,False,False,True,False,False,True
380,False,19.0,7.775,0,True,False,False,True,False,False,False,False,False,False,False,False,True,False,False,True
381,True,42.0,227.525,0,False,True,False,False,False,False,False,False,False,False,False,False,True,True,False,False
382,True,1.0,15.7417,2,False,True,False,False,False,False,False,False,False,False,False,False,True,False,False,True
383,False,32.0,7.925,0,True,False,False,True,False,False,False,False,False,False,False,False,True,False,False,True
384,True,35.0,52.0,1,False,False,False,True,False,False,False,False,False,False,False,False,True,True,False,False
385,False,24.0,7.8958,0,True,False,False,True,False,False,False,False,False,False,False,False,True,False,False,True
386,False,18.0,73.5,0,True,False,False,True,False,False,False,False,False,False,False,False,True,False,True,False
387,False,1.0,46.9,7,True,False,False,True,False,False,False,False,False,False,False,False,True,False,False,True
388,True,36.0,13.0,0,False,False,False,True,False,False,False,False,False,False,False,False,True,False,True,False
389,False,24.0,7.7292,0,True,False,True,False,False,False,False,False,False,False,False,False,True,False,False,True
390,True,17.0,12.0,0,False,True,False,False,False,False,False,False,False,False,False,False,True,False,True,False
391,True,36.0,120.0,3,True,False,False,True,False,True,False,False,False,False,False,False,False,True,False,False
392,True,21.0,8.05,0,True,False,False,True,False,False,False,False,False,False,False,False,True,False,False,True
393,False,28.0,8.05,2,True,False,False,True,False,False,False,False,False,False,False,False,True,False,False,True
394,True,23.0,113.275,1,False,True,False,False,False,False,False,True,False,False,False,False,False,True,False,False
395,True,24.0,16.7,2,False,False,False,True,False,False,False,False,False,False,True,False,False,False,False,True
396,False,22.0,7.7958,0,True,False,False,True,False,False,False,False,False,False,False,False,True,False,False,True
397,False,31.0,7.8542,0,False,False,False,True,False,False,False,False,False,False,False,False,True,False,False,True
398,False,46.0,26.0,0,True,False,False,True,False,False,False,False,False,False,False,False,True,False,True,False
399,False,23.0,10.5,0,True,False,False,True,False,False,False,False,False,False,False,False,True,False,True,False
400,True,28.0,12.65,0,False,False,False,True,False,False,False,False,False,False,False,False,True,False,True,False
401,True,39.0,7.925,0,True,False,False,True,False,False,False,False,False,False,False,False,True,False,False,True
402,False,26.0,8.05,0,True,False,False,True,False,False,False,False,False,False,False,False,True,False,False,True
403,False,21.0,9.825,1,False,False,False,True,False,False,False,False,False,False,False,False,True,False,False,True
404,False,28.0,15.85,1,True,False,False,True,False,False,False,False,False,False,False,False,True,False,False,True
405,False,20.0,8.6625,0,False,False,False,True,False,False,False,False,False,False,False,False,True,False,False,True
406,False,34.0,21.0,1,True,False,False,True,False,False,False,False,False,False,False,False,True,False,True,False
407,False,51.0,7.75,0,True,False,False,True,False,False,False,False,False,False,False,False,True,False,False,True
408,True,3.0,18.75,2,True,False,False,True,False,False,False,False,False,False,False,False,True,False,True,False
409,False,21.0,7.775,0,True,False,False,True,False,False,False,False,False,False,False,False,True,False,False,True
410,False,24.0,25.4667,4,False,False,False,True,False,False,False,False,False,False,False,False,True,False,False,True
411,False,24.0,7.8958,0,True,False,False,True,False,False,False,False,False,False,False,False,True,False,False,True
412,False,24.0,6.8583,0,True,False,True,False,False,False,False,False,False,False,False,False,True,False,False,True
413,True,33.0,90.0,1,False,False,True,False,False,False,True,False,False,False,False,False,False,True,False,False
414,False,29.0,0.0,0,True,False,False,True,False,False,False,False,False,False,False,False,True,False,True,False
415,True,44.0,7.925,0,True,False,False,True,False,False,False,False,False,False,False,False,True,False,False,True
416,False,24.0,8.05,0,False,False,False,True,False,False,False,False,False,False,False,False,True,False,False,True
417,True,34.0,32.5,2,False,False,False,True,False,False,False,False,False,False,False,False,True,False,True,False
418,True,18.0,13.0,2,False,False,False,True,False,False,False,False,False,False,False,False,True,False,True,False
419,False,30.0,13.0,0,True,False,False,True,False,False,False,False,False,False,False,False,True,False,True,False
420,False,10.0,24.15,2,False,False,False,True,False,False,False,False,False,False,False,False,True,False,False,True
421,False,24.0,7.8958,0,True,True,False,False,False,False,False,False,False,False,False,False,True,False,False,True
422,False,21.0,8.05,0,True,False,True,False,False,False,False,False,False,False,False,False,True,False,False,True
423,False,29.0,7.875,0,True,False,False,True,False,False,False,False,False,False,False,False,True,False,False,True
424,False,28.0,14.4,2,False,False,False,True,False,False,False,False,False,False,False,False,True,False,False,True
425,False,18.0,20.2125,2,True,False,False,True,False,False,False,False,False,False,False,False,True,False,False,True
426,False,24.0,7.25,0,True,False,False,True,False,False,False,False,False,False,False,False,True,False,False,True
427,True,28.0,26.0,1,False,False,False,True,False,False,False,False,False,False,False,False,True,False,True,False
428,True,19.0,26.0,0,False,False,False,True,False,False,False,False,False,False,False,False,True,False,True,False
429,False,24.0,7.75,0,True,False,True,False,False,False,False,False,False,False,False,False,True,False,False,True
430,True,32.0,8.05,0,True,False,False,True,False,False,False,False,True,False,False,False,False,False,False,True
431,True,28.0,26.55,0,True,False,False,True,False,False,True,False,False,False,False,False,False,True,False,False
432,True,24.0,8.05,1,False,False,False,True,False,False,False,False,False,False,False,False,True,False,False,True
433,True,42.0,26.0,1,False,False,False,True,False,False,False,False,False,False,False,False,True,False,True,False
434,False,17.0,7.125,0,True,False,False,True,False,False,False,False,False,False,False,False,True,False,False,True
435,False,50.0,55.9,1,True,False,False,True,False,False,False,False,True,False,False,False,False,True,False,False
436,True,14.0,120.0,3,False,False,False,True,False,True,False,False,False,False,False,False,False,True,False,False
437,False,21.0,34.375,4,False,False,False,True,False,False,False,False,False,False,False,False,True,False,False,True
438,True,24.0,14.0,5,False,False,False,True,False,False,False,False,False,False,False,False,True,False,True,False
439,False,64.0,263.0,5,True,False,False,True,False,False,True,False,False,False,False,False,False,True,False,False
440,False,31.0,10.5,0,True,False,False,True,False,False,False,False,False,False,False,False,True,False,True,False
441,True,45.0,26.25,2,False,False,False,True,False,False,False,False,False,False,False,False,True,False,True,False
442,False,20.0,8.05,0,True,False,False,True,False,False,False,False,False,False,False,False,True,False,False,True
443,False,25.0,7.775,1,True,False,False,True,False,False,False,False,False,False,False,False,True,False,False,True
444,True,28.0,13.0,0,False,False,False,True,False,False,False,False,False,False,False,False,True,False,True,False
445,True,24.0,8.05,0,True,False,False,True,False,False,False,False,False,False,False,False,True,False,False,True
446,True,4.0,81.8583,2,True,False,False,True,True,False,False,False,False,False,False,False,False,True,False,False
447,True,13.0,19.5,1,False,False,False,True,False,False,False,False,False,False,False,False,True,False,True,False
448,True,34.0,60.287499999999994,0,True,False,False,True,False,False,False,False,False,False,False,False,True,True,False,False
449,True,5.0,19.2583,3,False,True,False,False,False,False,False,False,False,False,False,False,True,False,False,True
450,True,52.0,30.5,0,True,False,False,True,False,False,True,False,False,False,False,False,False,True,False,False
451,False,36.0,27.75,3,True,False,False,True,False,False,False,False,False,False,False,False,True,False,True,False
452,False,24.0,19.9667,1,True,False,False,True,False,False,False,False,False,False,False,False,True,False,False,True
453,False,30.0,27.75,0,True,True,False,False,False,False,True,False,False,False,False,False,False,True,False,False
454,True,49.0,89.1042,1,True,True,False,False,False,False,True,False,False,False,False,False,False,True,False,False
455,False,24.0,8.05,0,True,False,False,True,False,False,False,False,False,False,False,False,True,False,False,True
456,True,29.0,7.8958,0,True,True,False,False,False,False,False,False,False,False,False,False,True,False,False,True
457,False,65.0,26.55,0,True,False,False,True,False,False,False,False,True,False,False,False,False,True,False,False
458,True,37.0,51.8625,1,False,False,False,True,False,False,False,True,False,False,False,False,False,True,False,False
459,True,50.0,10.5,0,False,False,False,True,False,False,False,False,False,False,False,False,True,False,True,False
460,False,24.0,7.75,0,True,False,True,False,False,False,False,False,False,False,False,False,True,False,False,True
461,True,48.0,26.55,0,True,False,False,True,False,False,False,False,True,False,False,False,False,True,False,False
462,False,34.0,8.05,0,True,False,False,True,False,False,False,False,False,False,False,False,True,False,False,True
463,False,47.0,38.5,0,True,False,False,True,False,False,False,False,True,False,False,False,False,True,False,False
464,False,48.0,13.0,0,True,False,False,True,False,False,False,False,False,False,False,False,True,False,True,False
465,False,24.0,8.05,0,True,False,False,True,False,False,False,False,False,False,False,False,True,False,False,True
466,False,38.0,7.05,0,True,False,False,True,False,False,False,False,False,False,False,False,True,False,False,True
467,False,29.0,0.0,0,True,False,False,True,False,False,False,False,False,False,False,False,True,False,True,False
468,False,56.0,26.55,0,True,False,False,True,False,False,False,False,False,False,False,False,True,True,False,False
469,False,24.0,7.725,0,True,False,True,False,False,False,False,False,False,False,False,False,True,False,False,True
470,True,0.75,19.2583,3,False,True,False,False,False,False,False,False,False,False,False,False,True,False,False,True
471,False,24.0,7.25,0,True,False,False,True,False,False,False,False,False,False,False,False,True,False,False,True
472,False,38.0,8.6625,0,True,False,False,True,False,False,False,False,False,False,False,False,True,False,False,True
473,True,33.0,27.75,3,False,False,False,True,False,False,False,False,False,False,False,False,True,False,True,False
474,True,23.0,13.7917,0,False,True,False,False,False,False,False,True,False,False,False,False,False,False,True,False
475,False,22.0,9.8375,0,False,False,False,True,False,False,False,False,False,False,False,False,True,False,False,True
476,False,37.0,52.0,0,True,False,False,True,True,False,False,False,False,False,False,False,False,True,False,False
477,False,34.0,21.0,1,True,False,False,True,False,False,False,False,False,False,False,False,True,False,True,False
478,False,29.0,8.05,1,True,False,False,True,False,False,False,False,False,False,False,False,True,False,False,True
479,False,22.0,7.5208,0,True,False,False,True,False,False,False,False,False,False,False,False,True,False,False,True
480,True,2.0,12.2875,1,False,False,False,True,False,False,False,False,False,False,False,False,True,False,False,True
481,False,9.0,46.9,7,True,False,False,True,False,False,False,False,False,False,False,False,True,False,False,True
482,False,29.0,0.0,0,True,False,False,True,False,False,False,False,False,False,False,False,True,False,True,False
483,False,50.0,8.05,0,True,False,False,True,False,False,False,False,False,False,False,False,True,False,False,True
484,True,63.0,8.05,0,False,False,False,True,False,False,False,False,False,False,False,False,True,False,False,True
485,True,25.0,91.0792,1,True,True,False,False,False,True,False,False,False,False,False,False,False,True,False,False
486,False,24.0,25.4667,4,False,False,False,True,False,False,False,False,False,False,False,False,True,False,False,True
487,True,35.0,90.0,1,False,False,False,True,False,False,True,False,False,False,False,False,False,True,False,False
488,False,58.0,29.7,0,True,True,False,False,False,True,False,False,False,False,False,False,False,True,False,False
489,False,30.0,8.05,0,True,False,False,True,False,False,False,False,False,False,False,False,True,False,False,True
490,True,9.0,15.9,2,True,False,False,True,False,False,False,False,False,False,False,False,True,False,False,True
491,False,24.0,19.9667,1,True,False,False,True,False,False,False,False,False,False,False,False,True,False,False,True
492,False,21.0,7.25,0,True,False,False,True,False,False,False,False,False,False,False,False,True,False,False,True
493,False,55.0,30.5,0,True,False,False,True,False,False,True,False,False,False,False,False,False,True,False,False
494,False,71.0,49.5042,0,True,True,False,False,False,False,False,False,False,False,False,False,True,True,False,False
495,False,21.0,8.05,0,True,False,False,True,False,False,False,False,False,False,False,False,True,False,False,True
496,False,24.0,8.05,0,True,True,False,False,False,False,False,False,False,False,False,False,True,False,False,True
497,True,54.0,78.2667,1,False,True,False,False,False,False,False,True,False,False,False,False,False,True,False,False
498,False,24.0,15.1,0,True,False,False,True,False,False,False,False,False,False,False,False,True,False,False,True
499,False,25.0,60.287499999999994,3,False,False,False,True,False,False,True,False,False,False,False,False,False,True,False,False
500,False,24.0,7.7958,0,True,False,False,True,False,False,False,False,False,False,False,False,True,False,False,True
501,False,17.0,8.6625,0,True,False,False,True,False,False,False,False,False,False,False,False,True,False,False,True
502,False,21.0,7.75,0,False,False,True,False,False,False,False,False,False,False,False,False,True,False,False,True
503,False,24.0,7.6292,0,False,False,True,False,False,False,False,False,False,False,False,False,True,False,False,True
504,False,37.0,9.5875,0,False,False,False,True,False,False,False,False,False,False,False,False,True,False,False,True
505,True,16.0,86.5,0,False,False,False,True,False,True,False,False,False,False,False,False,False,True,False,False
506,False,18.0,108.9,1,True,True,False,False,False,False,True,False,False,False,False,False,False,True,False,False
507,True,33.0,14.0,2,False,False,False,True,False,False,False,False,False,False,False,False,True,False,True,False
508,True,37.0,26.55,0,True,False,False,True,False,False,False,False,False,False,False,False,True,True,False,False
509,False,28.0,22.525,0,True,False,False,True,False,False,False,False,False,False,False,False,True,False,False,True
510,True,26.0,56.4958,0,True,False,False,True,False,False,False,False,False,False,False,False,True,False,False,True
511,True,29.0,7.75,0,True,False,True,False,False,False,False,False,False,False,False,False,True,False,False,True
512,False,24.0,8.05,0,True,False,False,True,False,False,False,False,False,False,False,False,True,False,False,True
513,True,36.0,26.2875,0,True,False,False,True,False,False,False,False,True,False,False,False,False,True,False,False
514,True,54.0,59.4,1,False,True,False,False,False,False,False,False,False,False,False,False,True,True,False,False
515,False,24.0,7.4958,0,True,False,False,True,False,False,False,False,False,False,False,False,True,False,False,True
516,False,47.0,34.0208,0,True,False,False,True,False,False,False,True,False,False,False,False,False,True,False,False
517,True,34.0,14.0,0,False,False,False,True,False,False,False,False,False,True,False,False,False,False,True,False
518,False,24.0,24.15,0,True,False,True,False,False,False,False,False,False,False,False,False,True,False,False,True
519,True,36.0,26.0,1,False,False,False,True,False,False,False,False,False,False,False,False,True,False,True,False
520,False,32.0,7.8958,0,True,False,False,True,False,False,False,False,False,False,False,False,True,False,False,True
521,True,30.0,93.5,0,False,False,False,True,False,True,False,False,False,False,False,False,False,True,False,False
522,False,22.0,7.8958,0,True,False,False,True,False,False,False,False,False,False,False,False,True,False,False,True
523,False,24.0,7.225,0,True,True,False,False,False,False,False,False,False,False,False,False,True,False,False,True
524,True,44.0,57.9792,1,False,True,False,False,False,True,False,False,False,False,False,False,False,True,False,False
525,False,24.0,7.2292,0,True,True,False,False,False,False,False,False,False,False,False,False,True,False,False,True
526,False,40.5,7.75,0,True,False,True,False,False,False,False,False,False,False,False,False,True,False,False,True
527,True,50.0,10.5,0,False,False,False,True,False,False,False,False,False,False,False,False,True,False,True,False
528,False,37.0,221.7792,0,True,False,False,True,False,False,True,False,False,False,False,False,False,True,False,False
529,False,39.0,7.925,0,True,False,False,True,False,False,False,False,False,False,False,False,True,False,False,True
530,False,23.0,11.5,3,True,False,False,True,False,False,False,False,False,False,False,False,True,False,True,False
531,True,2.0,26.0,2,False,False,False,True,False,False,False,False,False,False,False,False,True,False,True,False
532,False,24.0,7.2292,0,True,True,False,False,False,False,False,False,False,False,False,False,True,False,False,True
533,False,17.0,7.2292,2,True,True,False,False,False,False,False,False,False,False,False,False,True,False,False,True
534,True,24.0,22.3583,2,False,True,False,False,False,False,False,False,False,False,False,False,True,False,False,True
535,False,30.0,8.6625,0,False,False,False,True,False,False,False,False,False,False,False,False,True,False,False,True
536,True,7.0,26.25,2,False,False,False,True,False,False,False,False,False,False,False,False,True,False,True,False
537,False,45.0,60.287499999999994,0,True,False,False,True,False,True,False,False,False,False,False,False,False,True,False,False
538,True,30.0,60.287499999999994,0,False,True,False,False,False,False,False,False,False,False,False,False,True,True,False,False
539,False,24.0,14.5,0,True,False,False,True,False,False,False,False,False,False,False,False,True,False,False,True
540,True,22.0,49.5,2,False,True,False,False,False,True,False,False,False,False,False,False,False,True,False,False
541,True,36.0,71.0,2,False,False,False,True,False,True,False,False,False,False,False,False,False,True,False,False
542,False,9.0,31.275,6,False,False,False,True,False,False,False,False,False,False,False,False,True,False,False,True
543,False,11.0,31.275,6,False,False,False,True,False,False,False,False,False,False,False,False,True,False,False,True
544,True,32.0,26.0,1,True,False,False,True,False,False,False,False,False,False,False,False,True,False,True,False
545,False,50.0,106.425,1,True,True,False,False,False,False,True,False,False,False,False,False,False,True,False,False
546,False,64.0,26.0,0,True,False,False,True,False,False,False,False,False,False,False,False,True,True,False,False
547,True,19.0,26.0,1,False,False,False,True,False,False,False,False,False,False,False,False,True,False,True,False
548,True,29.0,13.8625,0,True,True,False,False,False,False,False,False,False,False,False,False,True,False,True,False
549,False,33.0,20.525,2,True,False,False,True,False,False,False,False,False,False,False,False,True,False,False,True
550,True,8.0,36.75,2,True,False,False,True,False,False,False,False,False,False,False,False,True,False,True,False
551,True,17.0,110.8833,2,True,True,False,False,False,False,True,False,False,False,False,False,False,True,False,False
552,False,27.0,26.0,0,True,False,False,True,False,False,False,False,False,False,False,False,True,False,True,False
553,False,24.0,7.8292,0,True,False,True,False,False,False,False,False,False,False,False,False,True,False,False,True
554,True,22.0,7.225,0,True,True,False,False,False,False,False,False,False,False,False,False,True,False,False,True
555,True,22.0,7.775,0,False,False,False,True,False,False,False,False,False,False,False,False,True,False,False,True
556,False,62.0,26.55,0,True,False,False,True,False,False,False,False,False,False,False,False,True,True,False,False
557,True,48.0,39.6,1,False,True,False,False,True,False,False,False,False,False,False,False,False,True,False,False
558,False,37.0,227.525,0,True,True,False,False,False,False,False,False,False,False,False,False,True,True,False,False
559,True,39.0,79.65,2,False,False,False,True,False,False,False,False,True,False,False,False,False,True,False,False
560,True,36.0,17.4,1,False,False,False,True,False,False,False,False,False,False,False,False,True,False,False,True
561,False,24.0,7.75,0,True,False,True,False,False,False,False,False,False,False,False,False,True,False,False,True
562,False,40.0,8.05,0,True,False,False,True,False,False,False,False,False,False,False,False,True,False,False,True
563,False,28.0,13.5,0,True,False,False,True,False,False,False,False,False,False,False,False,True,False,True,False
564,False,24.0,8.05,0,True,False,False,True,False,False,False,False,False,False,False,False,True,False,False,True
565,False,24.0,8.05,0,False,False,False,True,False,False,False,False,False,False,False,False,True,False,False,True
566,False,24.0,24.15,2,True,False,False,True,False,False,False,False,False,False,False,False,True,False,False,True
567,False,19.0,7.8958,0,True,False,False,True,False,False,False,False,False,False,False,False,True,False,False,True
568,False,29.0,21.075,4,False,False,False,True,False,False,False,False,False,False,False,False,True,False,False,True
569,False,24.0,7.2292,0,True,True,False,False,False,False,False,False,False,False,False,False,True,False,False,True
570,True,32.0,7.8542,0,True,False,False,True,False,False,False,False,False,False,False,False,True,False,False,True
571,True,62.0,10.5,0,True,False,False,True,False,False,False,False,False,False,False,False,True,False,True,False
572,True,53.0,51.4792,2,False,False,False,True,False,False,True,False,False,False,False,False,False,True,False,False
573,True,36.0,26.3875,0,True,False,False,True,False,False,False,False,True,False,False,False,False,True,False,False
574,True,24.0,7.75,0,False,False,True,False,False,False,False,False,False,False,False,False,True,False,False,True
575,False,16.0,8.05,0,True,False,False,True,False,False,False,False,False,False,False,False,True,False,False,True
576,False,19.0,8.05,0,True,False,False,True,False,False,False,False,False,False,False,False,True,False,False,True
577,True,34.0,13.0,0,False,False,False,True,False,False,False,False,False,False,False,False,True,False,True,False
578,True,39.0,55.9,1,False,False,False,True,False,False,False,False,True,False,False,False,False,True,False,False
579,False,24.0,14.4583,1,False,True,False,False,False,False,False,False,False,False,False,False,True,False,False,True
580,True,32.0,7.925,0,True,False,False,True,False,False,False,False,False,False,False,False,True,False,False,True
581,True,25.0,30.0,2,False,False,False,True,False,False,False,False,False,False,False,False,True,False,True,False
582,True,39.0,110.8833,2,False,True,False,False,False,False,True,False,False,False,False,False,False,True,False,False
583,False,54.0,26.0,0,True,False,False,True,False,False,False,False,False,False,False,False,True,False,True,False
584,False,36.0,40.125,0,True,True,False,False,True,False,False,False,False,False,False,False,False,True,False,False
585,False,24.0,8.7125,0,True,True,False,False,False,False,False,False,False,False,False,False,True,False,False,True
586,True,18.0,79.65,2,False,False,False,True,False,False,False,False,True,False,False,False,False,True,False,False
587,False,47.0,15.0,0,True,False,False,True,False,False,False,False,False,False,False,False,True,False,True,False
588,True,60.0,79.2,2,True,True,False,False,False,True,False,False,False,False,False,False,False,True,False,False
589,False,22.0,8.05,0,True,False,False,True,False,False,False,False,False,False,False,False,True,False,False,True
590,False,24.0,8.05,0,True,False,False,True,False,False,False,False,False,False,False,False,True,False,False,True
591,False,35.0,7.125,0,True,False,False,True,False,False,False,False,False,False,False,False,True,False,False,True
592,True,52.0,78.2667,1,False,True,False,False,False,False,False,True,False,False,False,False,False,True,False,False
593,False,47.0,8.05,0,True,False,False,True,False,False,False,False,False,False,False,False,True,False,False,True
594,False,24.0,8.05,2,False,False,True,False,False,False,False,False,False,False,False,False,True,False,False,True
595,False,37.0,26.0,1,True,False,False,True,False,False,False,False,False,False,False,False,True,False,True,False
596,False,36.0,24.15,2,True,False,False,True,False,False,False,False,False,False,False,False,True,False,False,True
597,True,29.0,33.0,0,False,False,False,True,False,False,False,False,False,False,False,False,True,False,True,False
598,False,49.0,0.0,0,True,False,False,True,False,False,False,False,False,False,False,False,True,False,False,True
599,False,24.0,7.225,0,True,True,False,False,False,False,False,False,False,False,False,False,True,False,False,True
600,True,49.0,56.9292,1,True,True,False,False,True,False,False,False,False,False,False,False,False,True,False,False
601,True,24.0,27.0,3,False,False,False,True,False,False,False,False,False,False,False,False,True,False,True,False
602,False,24.0,7.8958,0,True,False,False,True,False,False,False,False,False,False,False,False,True,False,False,True
603,False,37.0,42.4,0,True,False,False,True,False,False,False,False,False,False,False,False,True,True,False,False
604,False,44.0,8.05,0,True,False,False,True,False,False,False,False,False,False,False,False,True,False,False,True
605,True,35.0,26.55,0,True,True,False,False,False,False,False,False,False,False,False,False,True,True,False,False
606,False,36.0,15.55,1,True,False,False,True,False,False,False,False,False,False,False,False,True,False,False,True
607,False,30.0,7.8958,0,True,False,False,True,False,False,False,False,False,False,False,False,True,False,False,True
608,True,27.0,30.5,0,True,False,False,True,False,False,False,False,False,False,False,False,True,True,False,False
609,True,22.0,41.5792,3,False,True,False,False,False,False,False,False,False,False,False,False,True,False,True,False
610,True,40.0,153.4625,0,False,False,False,True,False,False,True,False,False,False,False,False,False,True,False,False
611,False,39.0,31.275,6,False,False,False,True,False,False,False,False,False,False,False,False,True,False,False,True
612,False,24.0,7.05,0,True,False,False,True,False,False,False,False,False,False,False,False,True,False,False,True
613,True,24.0,15.5,1,False,False,True,False,False,False,False,False,False,False,False,False,True,False,False,True
614,False,24.0,8.05,0,True,False,True,False,False,False,False,False,False,False,False,False,True,False,False,True
615,False,35.0,8.05,0,True,False,False,True,False,False,False,False,False,False,False,False,True,False,False,True
616,True,24.0,65.0,3,False,False,False,True,False,False,False,False,False,False,False,False,True,False,True,False
617,False,34.0,14.4,2,True,False,False,True,False,False,False,False,False,False,False,False,True,False,False,True
618,False,26.0,16.1,1,False,False,False,True,False,False,False,False,False,False,False,False,True,False,False,True
619,True,4.0,39.0,3,False,False,False,True,False,False,False,False,False,True,False,False,False,False,True,False
620,False,26.0,10.5,0,True,False,False,True,False,False,False,False,False,False,False,False,True,False,True,False
621,False,27.0,14.4542,1,True,True,False,False,False,False,False,False,False,False,False,False,True,False,False,True
622,True,42.0,60.287499999999994,1,True,False,False,True,False,False,False,True,False,False,False,False,False,True,False,False
623,True,20.0,8.05,2,True,True,False,False,False,False,False,False,False,False,False,False,True,False,False,True
624,False,21.0,7.8542,0,True,False,False,True,False,False,False,False,False,False,False,False,True,False,False,True
625,False,21.0,8.05,0,True,False,False,True,False,False,False,False,False,False,False,False,True,False,False,True
626,False,61.0,32.3208,0,True,False,False,True,False,False,False,True,False,False,False,False,False,True,False,False
627,False,57.0,12.35,0,True,False,True,False,False,False,False,False,False,False,False,False,True,False,True,False
628,True,21.0,77.9583,0,False,False,False,True,False,False,False,True,False,False,False,False,False,True,False,False
629,False,26.0,7.8958,0,True,False,False,True,False,False,False,False,False,False,False,False,True,False,False,True
630,False,24.0,7.7333,0,True,False,True,False,False,False,False,False,False,False,False,False,True,False,False,True
631,True,80.0,30.0,0,True,False,False,True,True,False,False,False,False,False,False,False,False,True,False,False
632,False,51.0,8.05,0,True,False,False,True,False,False,False,False,False,False,False,False,True,False,False,True
633,True,32.0,30.5,0,True,True,False,False,False,True,False,False,False,False,False,False,False,True,False,False
634,False,37.0,0.0,0,True,False,False,True,False,False,False,False,False,False,False,False,True,True,False,False
635,False,9.0,27.9,5,False,False,False,True,False,False,False,False,False,False,False,False,True,False,False,True
636,True,28.0,13.0,0,False,False,False,True,False,False,False,False,False,False,False,False,True,False,True,False
637,False,32.0,7.925,0,True,False,False,True,False,False,False,False,False,False,False,False,True,False,False,True
638,False,31.0,26.25,2,True,False,False,True,False,False,False,False,False,False,False,False,True,False,True,False
639,False,41.0,39.6875,5,False,False,False,True,False,False,False,False,False,False,False,False,True,False,False,True
640,False,24.0,16.1,1,True,False,False,True,False,False,False,False,False,False,False,False,True,False,False,True
641,False,20.0,7.8542,0,True,False,False,True,False,False,False,False,False,False,False,False,True,False,False,True
642,True,24.0,69.3,0,False,True,False,False,False,True,False,False,False,False,False,False,False,True,False,False
643,False,2.0,8.05,5,False,False,False,True,False,False,False,False,False,False,False,False,True,False,False,True
644,True,24.0,56.4958,0,True,False,False,True,False,False,False,False,False,False,False,False,True,False,False,True
645,True,0.75,19.2583,3,False,True,False,False,False,False,False,False,False,False,False,False,True,False,False,True
646,True,48.0,76.7292,1,True,True,False,False,False,False,False,True,False,False,False,False,False,True,False,False
647,False,19.0,7.8958,0,True,False,False,True,False,False,False,False,False,False,False,False,True,False,False,True
648,True,56.0,35.5,0,True,True,False,False,True,False,False,False,False,False,False,False,False,True,False,False
649,False,24.0,7.55,0,True,False,False,True,False,False,False,False,False,False,False,False,True,False,False,True
650,True,23.0,7.55,0,False,False,False,True,False,False,False,False,False,False,False,False,True,False,False,True
651,False,24.0,7.8958,0,True,False,False,True,False,False,False,False,False,False,False,False,True,False,False,True
652,True,18.0,14.0,1,False,False,False,True,False,False,False,False,False,False,False,False,True,False,True,False
653,False,21.0,8.4333,0,True,False,False,True,False,False,False,False,False,False,False,False,True,False,False,True
654,True,24.0,7.8292,0,False,False,True,False,False,False,False,False,False,False,False,False,True,False,False,True
655,False,18.0,6.75,0,False,False,True,False,False,False,False,False,False,False,False,False,True,False,False,True
656,False,24.0,73.5,2,True,False,False,True,False,False,False,False,False,False,False,False,True,False,True,False
657,False,24.0,7.8958,0,True,False,False,True,False,False,False,False,False,False,False,False,True,False,False,True
658,False,32.0,15.5,2,False,False,True,False,False,False,False,False,False,False,False,False,True,False,False,True
659,False,23.0,13.0,0,True,False,False,True,False,False,False,False,False,False,False,False,True,False,True,False
660,False,58.0,113.275,2,True,True,False,False,False,False,False,True,False,False,False,False,False,True,False,False
661,True,50.0,133.65,2,True,False,False,True,False,False,False,False,False,False,False,False,True,True,False,False
662,False,40.0,7.225,0,True,True,False,False,False,False,False,False,False,False,False,False,True,False,False,True
663,False,47.0,25.5875,0,True,False,False,True,False,False,False,False,True,False,False,False,False,True,False,False
664,False,36.0,8.05,0,True,False,False,True,False,False,False,False,False,False,False,False,True,False,False,True
665,True,20.0,7.925,1,True,False,False,True,False,False,False,False,False,False,False,False,True,False,False,True
666,False,32.0,14.0,2,True,False,False,True,False,False,False,False,False,False,False,False,True,False,True,False
667,False,25.0,13.0,0,True,False,False,True,False,False,False,False,False,False,False,False,True,False,True,False
668,False,24.0,7.775,0,True,False,False,True,False,False,False,False,False,False,False,False,True,False,False,True
669,False,43.0,8.05,0,True,False,False,True,False,False,False,False,False,False,False,False,True,False,False,True
670,True,37.0,52.0,1,False,False,False,True,False,False,True,False,False,False,False,False,False,True,False,False
671,True,40.0,39.0,2,False,False,False,True,False,False,False,False,False,False,False,False,True,False,True,False
672,False,31.0,52.0,1,True,False,False,True,False,True,False,False,False,False,False,False,False,True,False,False
673,False,70.0,10.5,0,True,False,False,True,False,False,False,False,False,False,False,False,True,False,True,False
674,True,31.0,14.0,0,True,False,False,True,False,False,False,False,False,False,False,False,True,False,True,False
675,False,29.0,0.0,0,True,False,False,True,False,False,False,False,False,False,False,False,True,False,True,False
676,False,18.0,7.775,0,True,False,False,True,False,False,False,False,False,False,False,False,True,False,False,True
677,False,24.5,8.05,0,True,False,False,True,False,False,False,False,False,False,False,False,True,False,False,True
678,True,18.0,9.8417,0,False,False,False,True,False,False,False,False,False,False,False,False,True,False,False,True
679,False,43.0,8.05,7,False,False,False,True,False,False,False,False,False,False,False,False,True,False,False,True
680,True,36.0,512.3292,1,True,True,False,False,False,True,False,False,False,False,False,False,False,True,False,False
681,False,24.0,8.05,0,False,False,True,False,False,False,False,False,False,False,False,False,True,False,False,True
682,True,27.0,76.7292,0,True,True,False,False,False,False,False,True,False,False,False,False,False,True,False,False
683,False,20.0,9.225,0,True,False,False,True,False,False,False,False,False,False,False,False,True,False,False,True
684,False,14.0,46.9,7,True,False,False,True,False,False,False,False,False,False,False,False,True,False,False,True
685,False,60.0,39.0,2,True,False,False,True,False,False,False,False,False,False,False,False,True,False,True,False
686,False,25.0,14.0,3,True,True,False,False,False,False,False,False,False,False,False,False,True,False,True,False
687,False,14.0,8.05,5,True,False,False,True,False,False,False,False,False,False,False,False,True,False,False,True
688,False,19.0,10.1708,0,True,False,False,True,False,False,False,False,False,False,False,False,True,False,False,True
689,False,18.0,7.7958,0,True,False,False,True,False,False,False,False,False,False,False,False,True,False,False,True
690,True,15.0,211.3375,1,False,False,False,True,False,True,False,False,False,False,False,False,False,True,False,False
691,True,31.0,57.0,1,True,False,False,True,False,True,False,False,False,False,False,False,False,True,False,False
692,True,4.0,13.4167,1,False,True,False,False,False,False,False,False,False,False,False,False,True,False,False,True
693,True,24.0,56.4958,0,True,False,False,True,False,False,False,False,False,False,False,False,True,False,False,True
694,False,25.0,7.225,0,True,True,False,False,False,False,False,False,False,False,False,False,True,False,False,True
695,False,60.0,26.55,0,True,False,False,True,False,False,False,False,False,False,False,False,True,True,False,False
696,False,52.0,13.5,0,True,False,False,True,False,False,False,False,False,False,False,False,True,False,True,False
697,False,44.0,8.05,0,True,False,False,True,False,False,False,False,False,False,False,False,True,False,False,True
698,True,24.0,7.7333,0,False,False,True,False,False,False,False,False,False,False,False,False,True,False,False,True
699,False,49.0,110.8833,2,True,True,False,False,False,False,True,False,False,False,False,False,False,True,False,False
700,False,42.0,7.65,0,True,False,False,True,False,False,False,False,False,True,False,False,False,False,False,True
701,True,18.0,227.525,1,False,True,False,False,False,False,True,False,False,False,False,False,False,True,False,False
702,True,35.0,26.2875,0,True,False,False,True,False,False,False,False,True,False,False,False,False,True,False,False
703,False,18.0,14.4542,1,False,True,False,False,False,False,False,False,False,False,False,False,True,False,False,True
704,False,25.0,8.05,0,True,False,True,False,False,False,False,False,False,False,False,False,True,False,False,True
705,False,26.0,7.8542,1,True,False,False,True,False,False,False,False,False,False,False,False,True,False,False,True
706,False,39.0,26.0,0,True,False,False,True,False,False,False,False,False,False,False,False,True,False,True,False
707,True,45.0,13.5,0,False,False,False,True,False,False,False,False,False,False,False,False,True,False,True,False
708,True,42.0,26.2875,0,True,False,False,True,False,False,False,False,True,False,False,False,False,True,False,False
709,True,22.0,151.55,0,False,False,False,True,False,False,False,False,False,False,False,False,True,True,False,False
710,True,24.0,15.2458,2,True,True,False,False,False,False,False,False,False,False,False,False,True,False,False,True
711,True,24.0,60.287499999999994,0,False,True,False,False,False,False,True,False,False,False,False,False,False,True,False,False
712,False,37.0,26.55,0,True,False,False,True,False,False,True,False,False,False,False,False,False,True,False,False
713,True,48.0,52.0,1,True,False,False,True,False,False,True,False,False,False,False,False,False,True,False,False
714,False,29.0,9.4833,0,True,False,False,True,False,False,False,False,False,False,False,False,True,False,False,True
715,False,52.0,13.0,0,True,False,False,True,False,False,False,False,False,False,False,False,True,False,True,False
716,False,19.0,7.65,0,True,False,False,True,False,False,False,False,False,True,False,False,False,False,False,True
717,True,38.0,227.525,0,False,True,False,False,False,False,True,False,False,False,False,False,False,True,False,False
718,True,27.0,10.5,0,False,False,False,True,False,False,False,False,True,False,False,False,False,False,True,False
719,False,24.0,15.5,0,True,False,True,False,False,False,False,False,False,False,False,False,True,False,False,True
720,False,33.0,7.775,0,True,False,False,True,False,False,False,False,False,False,False,False,True,False,False,True
721,True,6.0,33.0,1,False,False,False,True,False,False,False,False,False,False,False,False,True,False,True,False
722,False,17.0,7.0542,1,True,False,False,True,False,False,False,False,False,False,False,False,True,False,False,True
723,False,34.0,13.0,0,True,False,False,True,False,False,False,False,False,False,False,False,True,False,True,False
724,False,50.0,13.0,0,True,False,False,True,False,False,False,False,False,False,False,False,True,False,True,False
725,True,27.0,53.1,1,True,False,False,True,False,False,False,False,True,False,False,False,False,True,False,False
726,False,20.0,8.6625,0,True,False,False,True,False,False,False,False,False,False,False,False,True,False,False,True
727,True,30.0,14.0,3,False,False,False,True,False,False,False,False,False,False,False,False,True,False,True,False
728,True,24.0,7.7375,0,False,False,True,False,False,False,False,False,False,False,False,False,True,False,False,True
729,False,25.0,26.0,1,True,False,False,True,False,False,False,False,False,False,False,False,True,False,True,False
730,False,25.0,7.925,1,False,False,False,True,False,False,False,False,False,False,False,False,True,False,False,True
731,True,29.0,211.3375,0,False,False,False,True,False,True,False,False,False,False,False,False,False,True,False,False
732,False,11.0,18.7875,0,True,True,False,False,False,False,False,False,False,False,False,False,True,False,False,True
733,False,29.0,0.0,0,True,False,False,True,False,False,False,False,False,False,False,False,True,False,True,False
734,False,23.0,13.0,0,True,False,False,True,False,False,False,False,False,False,False,False,True,False,True,False
735,False,23.0,13.0,0,True,False,False,True,False,False,False,False,False,False,False,False,True,False,True,False
736,False,28.5,16.1,0,True,False,False,True,False,False,False,False,False,False,False,False,True,False,False,True
737,False,48.0,34.375,4,False,False,False,True,False,False,False,False,False,False,False,False,True,False,False,True
738,True,35.0,512.3292,0,True,True,False,False,False,True,False,False,False,False,False,False,False,True,False,False
739,False,24.0,7.8958,0,True,False,False,True,False,False,False,False,False,False,False,False,True,False,False,True
740,False,24.0,8.05,0,True,False,False,True,False,False,False,False,False,False,False,False,True,False,False,True
741,True,37.0,30.0,0,True,False,False,True,False,False,False,True,False,False,False,False,False,True,False,False
742,False,36.0,60.287499999999994,1,True,False,False,True,False,False,True,False,False,False,False,False,False,True,False,False
743,True,21.0,262.375,4,False,True,False,False,False,True,False,False,False,False,False,False,False,True,False,False
744,False,24.0,16.1,1,True,False,False,True,False,False,False,False,False,False,False,False,True,False,False,True
745,True,31.0,8.05,0,True,False,False,True,False,False,False,False,False,False,False,False,True,False,False,True
746,False,70.0,71.0,2,True,False,False,True,False,True,False,False,False,False,False,False,False,True,False,False
747,False,16.0,20.25,2,True,False,False,True,False,False,False,False,False,False,False,False,True,False,False,True
748,True,30.0,13.0,0,False,False,False,True,False,False,False,False,False,False,False,False,True,False,True,False
749,False,19.0,53.1,1,True,False,False,True,False,False,False,True,False,False,False,False,False,True,False,False
750,False,31.0,8.05,0,True,False,True,False,False,False,False,False,False,False,False,False,True,False,False,True
751,True,4.0,23.0,2,False,False,False,True,False,False,False,False,False,False,False,False,True,False,True,False
752,True,6.0,12.475,1,True,False,False,True,False,False,False,False,True,False,False,False,False,False,False,True
753,False,33.0,9.5,0,True,False,False,True,False,False,False,False,False,False,False,False,True,False,False,True
754,False,23.0,7.8958,0,True,False,False,True,False,False,False,False,False,False,False,False,True,False,False,True
755,True,48.0,65.0,3,False,False,False,True,False,False,False,False,False,False,False,False,True,False,True,False
756,True,0.67,14.5,2,True,False,False,True,False,False,False,False,False,False,False,False,True,False,True,False
757,False,28.0,7.7958,0,True,False,False,True,False,False,False,False,False,False,False,False,True,False,False,True
758,False,18.0,11.5,0,True,False,False,True,False,False,False,False,False,False,False,False,True,False,True,False
759,False,34.0,8.05,0,True,False,False,True,False,False,False,False,False,False,False,False,True,False,False,True
760,True,33.0,86.5,0,False,False,False,True,False,True,False,False,False,False,False,False,False,True,False,False
761,False,24.0,14.5,0,True,False,False,True,False,False,False,False,False,False,False,False,True,False,False,True
762,False,41.0,7.125,0,True,False,False,True,False,False,False,False,False,False,False,False,True,False,False,True
763,True,20.0,7.2292,0,True,True,False,False,False,False,False,False,False,False,False,False,True,False,False,True
764,True,36.0,120.0,3,False,False,False,True,False,True,False,False,False,False,False,False,False,True,False,False
765,False,16.0,8.05,0,True,False,False,True,False,False,False,False,False,False,False,False,True,False,False,True
766,True,51.0,77.9583,1,False,False,False,True,False,False,False,True,False,False,False,False,False,True,False,False
767,False,37.0,39.6,0,True,True,False,False,False,False,False,False,False,False,False,False,True,True,False,False
768,False,30.5,7.75,0,False,False,True,False,False,False,False,False,False,False,False,False,True,False,False,True
769,False,24.0,24.15,1,True,False,True,False,False,False,False,False,False,False,False,False,True,False,False,True
770,False,32.0,8.3625,0,True,False,False,True,False,False,False,False,False,False,False,False,True,False,False,True
771,False,24.0,9.5,0,True,False,False,True,False,False,False,False,False,False,False,False,True,False,False,True
772,False,48.0,7.8542,0,True,False,False,True,False,False,False,False,False,False,False,False,True,False,False,True
773,False,57.0,10.5,0,False,False,False,True,False,False,False,False,True,False,False,False,False,False,True,False
774,False,24.0,7.225,0,True,True,False,False,False,False,False,False,False,False,False,False,True,False,False,True
775,True,54.0,14.0,4,False,False,False,True,False,False,False,False,False,False,False,False,True,False,True,False
776,False,18.0,7.75,0,True,False,False,True,False,False,False,False,False,False,False,False,True,False,False,True
777,False,24.0,7.75,0,True,False,True,False,False,False,False,False,False,True,False,False,False,False,False,True
778,True,5.0,12.475,0,False,False,False,True,False,False,False,False,False,False,False,False,True,False,False,True
779,False,24.0,7.7375,0,True,False,True,False,False,False,False,False,False,False,False,False,True,False,False,True
780,True,43.0,211.3375,1,False,False,False,True,False,True,False,False,False,False,False,False,False,True,False,False
781,True,13.0,7.2292,0,False,True,False,False,False,False,False,False,False,False,False,False,True,False,False,True
782,True,17.0,57.0,1,False,False,False,True,False,True,False,False,False,False,False,False,False,True,False,False
783,False,29.0,30.0,0,True,False,False,True,False,False,False,True,False,False,False,False,False,True,False,False
784,False,24.0,23.45,3,True,False,False,True,False,False,False,False,False,False,False,False,True,False,False,True
785,False,25.0,7.05,0,True,False,False,True,False,False,False,False,False,False,False,False,True,False,False,True
786,False,25.0,7.25,0,True,False,False,True,False,False,False,False,False,False,False,False,True,False,False,True
787,True,18.0,7.4958,0,False,False,False,True,False,False,False,False,False,False,False,False,True,False,False,True
788,False,8.0,29.125,5,True,False,True,False,False,False,False,False,False,False,False,False,True,False,False,True
789,True,1.0,20.575,3,True,False,False,True,False,False,False,False,False,False,False,False,True,False,False,True
790,False,46.0,60.287499999999994,0,True,True,False,False,False,True,False,False,False,False,False,False,False,True,False,False
791,False,24.0,7.75,0,True,False,True,False,False,False,False,False,False,False,False,False,True,False,False,True
792,False,16.0,26.0,0,True,False,False,True,False,False,False,False,False,False,False,False,True,False,True,False
793,False,24.0,69.55,10,False,False,False,True,False,False,False,False,False,False,False,False,True,False,False,True
794,False,37.0,30.6958,0,True,True,False,False,False,False,False,False,False,False,False,False,True,True,False,False
795,False,25.0,7.8958,0,True,False,False,True,False,False,False,False,False,False,False,False,True,False,False,True
796,False,39.0,13.0,0,True,False,False,True,False,False,False,False,False,False,False,False,True,False,True,False
797,True,49.0,25.9292,0,False,False,False,True,False,False,False,True,False,False,False,False,False,True,False,False
798,True,31.0,8.6833,0,False,False,False,True,False,False,False,False,False,False,False,False,True,False,False,True
799,False,30.0,7.2292,0,True,True,False,False,False,False,False,False,False,False,False,False,True,False,False,True
800,False,30.0,24.15,2,False,False,False,True,False,False,False,False,False,False,False,False,True,False,False,True
801,False,34.0,13.0,0,True,False,False,True,False,False,False,False,False,False,False,False,True,False,True,False
802,True,31.0,26.25,2,False,False,False,True,False,False,False,False,False,False,False,False,True,False,True,False
803,True,11.0,60.287499999999994,3,True,False,False,True,False,True,False,False,False,False,False,False,False,True,False,False
804,True,0.42,8.5167,1,True,True,False,False,False,False,False,False,False,False,False,False,True,False,False,True
805,True,27.0,6.975,0,True,False,False,True,False,False,False,False,False,False,False,False,True,False,False,True
806,False,31.0,8.05,0,True,False,False,True,False,False,False,False,False,False,False,False,True,False,False,True
807,False,39.0,0.0,0,True,False,False,True,True,False,False,False,False,False,False,False,False,True,False,False
808,False,18.0,7.775,0,False,False,False,True,False,False,False,False,False,False,False,False,True,False,False,True
809,False,39.0,13.0,0,True,False,False,True,False,False,False,False,False,False,False,False,True,False,True,False
810,True,33.0,53.1,1,False,False,False,True,False,False,False,False,True,False,False,False,False,True,False,False
811,False,26.0,7.8875,0,True,False,False,True,False,False,False,False,False,False,False,False,True,False,False,True
812,False,39.0,24.15,0,True,False,False,True,False,False,False,False,False,False,False,False,True,False,False,True
813,False,35.0,10.5,0,True,False,False,True,False,False,False,False,False,False,False,False,True,False,True,False
814,False,6.0,8.05,6,False,False,False,True,False,False,False,False,False,False,False,False,True,False,False,True
815,False,30.5,8.05,0,True,False,False,True,False,False,False,False,False,False,False,False,True,False,False,True
816,False,37.0,0.0,0,True,False,False,True,False,True,False,False,False,False,False,False,False,True,False,False
817,False,23.0,7.925,0,False,False,False,True,False,False,False,False,False,False,False,False,True,False,False,True
818,False,31.0,37.0042,2,True,True,False,False,False,False,False,False,False,False,False,False,True,False,True,False
819,False,43.0,6.45,0,True,False,False,True,False,False,False,False,False,False,False,False,True,False,False,True
820,False,10.0,27.9,5,True,False,False,True,False,False,False,False,False,False,False,False,True,False,False,True
821,True,52.0,93.5,2,False,False,False,True,False,True,False,False,False,False,False,False,False,True,False,False
822,True,27.0,8.6625,0,True,False,False,True,False,False,False,False,False,False,False,False,True,False,False,True
823,False,38.0,60.287499999999994,0,True,False,False,True,False,False,False,False,False,False,False,False,True,True,False,False
824,True,27.0,12.475,1,False,False,False,True,False,False,False,False,True,False,False,False,False,False,False,True
825,False,2.0,8.05,5,True,False,False,True,False,False,False,False,False,False,False,False,True,False,False,True
826,False,24.0,8.05,0,True,False,True,False,False,False,False,False,False,False,False,False,True,False,False,True
827,False,24.0,56.4958,0,True,False,False,True,False,False,False,False,False,False,False,False,True,False,False,True
828,True,1.0,37.0042,2,True,True,False,False,False,False,False,False,False,False,False,False,True,False,True,False
829,True,24.0,7.75,0,True,False,True,False,False,False,False,False,False,False,False,False,True,False,False,True
830,True,62.0,80.0,0,False,True,False,False,False,True,False,False,False,False,False,False,False,True,False,False
831,True,15.0,14.4542,1,False,True,False,False,False,False,False,False,False,False,False,False,True,False,False,True
832,True,0.83,18.75,2,True,False,False,True,False,False,False,False,False,False,False,False,True,False,True,False
833,False,24.0,7.2292,0,True,True,False,False,False,False,False,False,False,False,False,False,True,False,False,True
834,False,23.0,7.8542,0,True,False,False,True,False,False,False,False,False,False,False,False,True,False,False,True
835,False,18.0,8.05,0,True,False,False,True,False,False,False,False,False,False,False,False,True,False,False,True
836,True,39.0,83.1583,2,False,True,False,False,False,False,False,False,True,False,False,False,False,True,False,False
837,False,21.0,8.6625,0,True,False,False,True,False,False,False,False,False,False,False,False,True,False,False,True
838,False,24.0,8.05,0,True,False,False,True,False,False,False,False,False,False,False,False,True,False,False,True
839,True,32.0,56.4958,0,True,False,False,True,False,False,False,False,False,False,False,False,True,False,False,True
840,True,37.0,29.7,0,True,True,False,False,False,False,True,False,False,False,False,False,False,True,False,False
841,False,20.0,7.925,0,True,False,False,True,False,False,False,False,False,False,False,False,True,False,False,True
842,False,16.0,10.5,0,True,False,False,True,False,False,False,False,False,False,False,False,True,False,True,False
843,True,30.0,31.0,0,False,True,False,False,False,False,False,False,False,False,False,False,True,True,False,False
844,False,34.5,6.4375,0,True,True,False,False,False,False,False,False,False,False,False,False,True,False,False,True
845,False,17.0,8.05,0,True,False,False,True,False,False,False,False,False,False,False,False,True,False,False,True
846,False,42.0,8.05,0,True,False,False,True,False,False,False,False,False,False,False,False,True,False,False,True
847,False,24.0,69.55,10,True,False,False,True,False,False,False,False,False,False,False,False,True,False,False,True
848,False,35.0,7.8958,0,True,True,False,False,False,False,False,False,False,False,False,False,True,False,False,True
849,False,28.0,33.0,1,True,False,False,True,False,False,False,False,False,False,False,False,True,False,True,False
850,True,37.0,89.1042,1,False,True,False,False,False,False,True,False,False,False,False,False,False,True,False,False
851,False,4.0,31.275,6,True,False,False,True,False,False,False,False,False,False,False,False,True,False,False,True
852,False,74.0,7.775,0,True,False,False,True,False,False,False,False,False,False,False,False,True,False,False,True
853,False,9.0,15.2458,2,False,True,False,False,False,False,False,False,False,False,False,False,True,False,False,True
854,True,16.0,39.4,1,False,False,False,True,False,False,False,True,False,False,False,False,False,True,False,False
855,False,44.0,26.0,1,False,False,False,True,False,False,False,False,False,False,False,False,True,False,True,False
856,True,18.0,9.35,1,False,False,False,True,False,False,False,False,False,False,False,False,True,False,False,True
857,True,45.0,164.8667,2,False,False,False,True,False,False,False,False,False,False,False,False,True,True,False,False
858,True,51.0,60.287499999999994,0,True,False,False,True,False,False,False,False,True,False,False,False,False,True,False,False
859,True,24.0,19.2583,3,False,True,False,False,False,False,False,False,False,False,False,False,True,False,False,True
860,False,24.0,8.05,0,True,True,False,False,False,False,False,False,False,False,False,False,True,False,False,True
861,False,41.0,8.05,2,True,False,False,True,False,False,False,False,False,False,False,False,True,False,False,True
862,False,21.0,11.5,1,True,False,False,True,False,False,False,False,False,False,False,False,True,False,True,False
863,True,48.0,25.9292,0,False,False,False,True,False,False,False,True,False,False,False,False,False,True,False,False
864,False,24.0,69.55,10,False,False,False,True,False,False,False,False,False,False,False,False,True,False,False,True
865,False,24.0,13.0,0,True,False,False,True,False,False,False,False,False,False,False,False,True,False,True,False
866,True,42.0,13.0,0,False,False,False,True,False,False,False,False,False,False,False,False,True,False,True,False
867,True,27.0,13.8583,1,False,True,False,False,False,False,False,False,False,False,False,False,True,False,True,False
868,False,31.0,50.4958,0,True,False,False,True,True,False,False,False,False,False,False,False,False,True,False,False
869,False,24.0,9.5,0,True,False,False,True,False,False,False,False,False,False,False,False,True,False,False,True
870,True,4.0,11.1333,2,True,False,False,True,False,False,False,False,False,False,False,False,True,False,False,True
871,False,26.0,7.8958,0,True,False,False,True,False,False,False,False,False,False,False,False,True,False,False,True
872,True,47.0,52.5542,2,False,False,False,True,False,False,False,True,False,False,False,False,False,True,False,False
873,False,33.0,60.287499999999994,0,True,False,False,True,False,True,False,False,False,False,False,False,False,True,False,False
874,False,47.0,9.0,0,True,False,False,True,False,False,False,False,False,False,False,False,True,False,False,True
875,True,28.0,24.0,1,False,True,False,False,False,False,False,False,False,False,False,False,True,False,True,False
876,True,15.0,8.05,0,False,True,False,False,False,False,False,False,False,False,False,False,True,False,False,True
877,False,20.0,8.05,0,True,False,False,True,False,False,False,False,False,False,False,False,True,False,False,True
878,False,19.0,7.8958,0,True,False,False,True,False,False,False,False,False,False,False,False,True,False,False,True
879,False,24.0,7.8958,0,True,False,False,True,False,False,False,False,False,False,False,False,True,False,False,True
880,True,56.0,83.1583,1,False,True,False,False,False,False,True,False,False,False,False,False,False,True,False,False
881,True,25.0,26.0,1,False,False,False,True,False,False,False,False,False,False,False,False,True,False,True,False
882,False,33.0,7.8958,0,True,False,False,True,False,False,False,False,False,False,False,False,True,False,False,True
883,False,22.0,10.5167,0,False,False,False,True,False,False,False,False,False,False,False,False,True,False,False,True
884,False,28.0,10.5,0,True,False,False,True,False,False,False,False,False,False,False,False,True,False,True,False
885,False,25.0,7.05,0,True,False,False,True,False,False,False,False,False,False,False,False,True,False,False,True
886,False,39.0,8.05,5,False,False,True,False,False,False,False,False,False,False,False,False,True,False,False,True
887,False,27.0,13.0,0,True,False,False,True,False,False,False,False,False,False,False,False,True,False,True,False
888,True,19.0,30.0,0,False,False,False,True,False,True,False,False,False,False,False,False,False,True,False,False
889,False,24.0,23.45,3,False,False,False,True,False,False,False,False,False,False,False,False,True,False,False,True
890,True,26.0,30.0,0,True,True,False,False,False,False,True,False,False,False,False,False,False,True,False,False
891,False,32.0,7.75,0,True,False,True,False,False,False,False,False,False,False,False,False,True,False,False,True
